18-00-1-UCSC via Mission,06:33:27
18-00-1-UCSC via Mission,06:33:27
18-00-1-UCSC via Mission,07:38:24
18-00-1-UCSC via Mission,07:38:24
18-00-1-UCSC via Mission,07:38:24
18-00-1-UCSC via Mission,07:38:24
18-00-1-UCSC via Mission,07:38:24
18-00-1-UCSC via Mission,07:38:24
18-00-1-UCSC via Mission,07:38:24
18-00-1-UCSC via Mission,07:38:24
20-00-23-UCSC via Westside,07:54:50
20-00-23-UCSC via Westside,07:54:50
18-00-1-UCSC via Mission,08:39:27
18-00-1-UCSC via Mission,08:39:27
18-00-1-UCSC via Mission,08:39:27
18-00-1-UCSC via Mission,08:39:27
18-00-1-UCSC via Mission,08:39:27
18-00-1-UCSC via Mission,08:39:27
20-00-23-UCSC via Westside,08:55:53
20-00-23-UCSC via Westside,08:55:53
20-00-23-UCSC via Westside,08:55:53
20-00-23-UCSC via Westside,08:55:53
20-00-23-UCSC via Westside,08:55:53
20-00-23-UCSC via Westside,08:55:53
18-00-1-UCSC via Mission,09:42:28
18-00-1-UCSC via Mission,09:42:28
18-00-1-UCSC via Mission,09:42:28
18-00-1-UCSC via Mission,09:42:28
18-00-1-UCSC via Mission,09:42:28
18-00-1-UCSC via Mission,09:42:28
18-00-1-UCSC via Mission,09:42:28
18-00-1-UCSC via Mission,09:42:28
18-00-1-UCSC via Mission,09:42:28
18-00-1-UCSC via Mission,09:42:28
18-00-1-UCSC via Mission,09:42:28
18-00-1-UCSC via Mission,09:42:28
18-00-1-UCSC via Mission,09:42:28
18-00-1-UCSC via Mission,09:42:28
18-00-1-UCSC via Mission,09:42:28
18-00-1-UCSC via Mission,09:42:28
18-00-1-UCSC via Mission,09:42:28
20-07-26-UCSC via Westside CSC IB,09:53:57
20-07-26-UCSC via Westside CSC IB,09:53:57
18-00-1-UCSC via Mission,10:37:55
18-00-1-UCSC via Mission,10:37:55
18-00-1-UCSC via Mission,11:10:03
18-00-1-UCSC via Mission,11:10:03
18-00-1-UCSC via Mission,11:10:03
18-00-1-UCSC via Mission,11:10:03
18-00-1-UCSC via Mission,11:10:03
18-00-1-UCSC via Mission,11:10:03
18-00-1-UCSC via Mission,11:10:03
18-00-1-UCSC via Mission,11:38:11
18-00-1-UCSC via Mission,11:38:11
18-00-1-UCSC via Mission,11:38:11
18-00-1-UCSC via Mission,11:38:11
18-00-1-UCSC via Mission,11:38:11
18-00-1-UCSC via Mission,11:38:11
18-00-1-UCSC via Mission,11:38:11
18-00-1-UCSC via Mission,11:38:11
20-07-26-UCSC via Westside CSC IB,11:57:42
20-00-23-UCSC via Westside,12:58:13
20-00-23-UCSC via Westside,12:58:13
20-00-23-UCSC via Westside,12:58:13
20-00-23-UCSC via Westside,12:58:13
20-00-23-UCSC via Westside,12:58:13
18-00-1-UCSC via Mission,13:10:45
18-00-1-UCSC via Mission,13:10:45
18-00-1-UCSC via Mission,13:10:45
18-00-1-UCSC via Mission,13:10:45
18-00-1-UCSC via Mission,13:10:45
18-00-1-UCSC via Mission,13:10:45
18-00-1-UCSC via Mission,13:10:45
18-00-1-UCSC via Mission,13:37:29
20-00-23-UCSC via Westside,14:57:00
20-00-23-UCSC via Westside,14:57:00
20-00-23-UCSC via Westside,14:57:00
20-00-23-UCSC via Westside,14:57:00
20-00-23-UCSC via Westside,14:57:00
20-00-23-UCSC via Westside,14:57:00
20-00-23-UCSC via Westside,14:57:00
18-00-1-UCSC via Mission,16:38:33
18-00-1-UCSC via Mission,16:38:33
18-00-1-UCSC via Mission,16:38:33
18-00-1-UCSC via Mission,16:38:33
18-00-1-UCSC via Mission,16:38:33
18-00-1-UCSC via Mission,16:38:33
18-00-1-UCSC via Mission,16:55:40
18-00-1-UCSC via Mission,16:55:40
18-00-1-UCSC via Mission,16:55:40
18-00-1-UCSC via Mission,17:11:14
20-06-25-UCSC via Westside CSC OB,17:59:47
20-06-25-UCSC via Westside CSC OB,17:59:47
20-06-25-UCSC via Westside CSC OB,17:59:47
18-00-1-UCSC via Mission,18:53:09
18-00-1-UCSC via Mission,20:36:43
18-00-1-UCSC via Mission,22:05:35
18-00-1-UCSC via Mission,23:34:11
18-00-1-UCSC via Mission,23:34:11
