TRANSACTION DETAIL REPORT,,,,,,,,,,,,,,,,,,,,,,,,,,,,,,,,,
"TUESDAY APRIL 12, 2022",,,,,,,,,,,,,,,,,,,,,,,,,,,,,,,,,
SANTA CRUZ METRO,,,,,,,,,,,,,,,,,,,,,,,,,,,,,,,,,
,,,,,,,,,,,,,,,,,,,,,,,,,,,,,,,,,
Location,Transaction Type,Product,Date Time,Bus,Driver,Route,Run,Trip,FS,Fare Box,Orig Bus,Direction,Orig Dir.,Track2,Card ID / Sequence #,Keys,TTP,Grp,Designator,Mfr,Agency,Restored,1st Use,TPBC,Sec Cd,Longitude,Latitude,Imp. Val,Amt Chrg,Stop ID,Rem Val,Stop Abbr,Stop Name
1,119 - Got fare,EMERGNCY,4/12/22 5:58,2811,617,693,7104,710401,1,31205,,Outbound,,,,9,,0,0,0,0,,,,,0,0,,0,0,,,
1,119 - Got fare,EM D DAY,4/12/22 5:58,2811,617,693,7104,710401,1,31205,,Outbound,,,,,32,6,9,0,0,,,,,0,0,,0,0,,,
1,119 - Got fare,EMERGNCY,4/12/22 6:00,1202,490,693,7103,710301,1,31218,,Inbound,,,,9,,0,0,0,0,,,,,0,0,,0,0,,,
1,119 - Got fare,EMERGNCY,4/12/22 6:00,1202,490,693,7103,710301,1,31218,,Inbound,,,,9,,0,0,0,0,,,,,0,0,,0,0,,,
1,119 - Got fare,EM D DAY,4/12/22 6:00,1202,490,693,7103,710301,1,31218,,Inbound,,,,,32,6,9,0,0,,,,,0,0,,0,0,,,
1,119 - Got fare,MST XFER,4/12/22 6:00,1202,490,693,7103,710301,1,31218,,Inbound,,,,A,,0,0,0,0,,,,,0,0,,0,0,,,
1,115 - Period pass,31D LOC,4/12/22 6:35,2811,617,693,7104,710401,1,31205,,Outbound,,,Card ID 3410594,,7,1,4,123,5,,No,0,5,0,0,,0,0,,,
1,119 - Got fare,BICYCLE,4/12/22 6:35,2811,617,693,7104,710401,1,31205,,Outbound,,,,8,,0,0,0,0,,,,,0,0,,0,0,,,
1,119 - Got fare,Preset,4/12/22 6:36,2811,617,693,7104,710401,1,31205,,Outbound,,,,PRE,,0,0,0,0,,,,,0,0,,2,0,,,
1,119 - Got fare,Mble Tic,4/12/22 6:44,1202,490,693,7103,710301,1,31218,,Inbound,,,,C,,0,0,0,0,,,,,0,0,,0,0,,,
1,119 - Got fare,CABRILLO,4/12/22 6:44,1202,490,693,7103,710301,1,31218,,Inbound,,,,7,,0,0,0,0,,,,,0,0,,0,0,,,
1,119 - Got fare,Preset,4/12/22 6:44,1202,490,693,7103,710301,1,31218,,Inbound,,,,PRE,,0,0,0,0,,,,,0,0,,2,0,,,
1,119 - Got fare,Preset,4/12/22 6:44,1202,490,693,7103,710301,1,31218,,Inbound,,,,PRE,,0,0,0,0,,,,,0,0,,2,0,,,
1,119 - Got fare,CABRILLO,4/12/22 6:44,1202,490,693,7103,710301,1,31218,,Inbound,,,,7,,0,0,0,0,,,,,0,0,,0,0,,,
1,119 - Got fare,Preset,4/12/22 6:44,1202,490,693,7103,710301,1,31218,,Inbound,,,,PRE,,0,0,0,0,,,,,0,0,,2,0,,,
1,119 - Got fare,CABRILLO,4/12/22 6:45,1202,490,693,7103,710301,1,31218,,Inbound,,,,7,,0,0,0,0,,,,,0,0,,0,0,,,
1,119 - Got fare,Preset,4/12/22 6:45,1202,490,693,7103,710301,1,31218,,Inbound,,,,PRE,,0,0,0,0,,,,,0,0,,2,0,,,
1,115 - Period pass,31D LOC,4/12/22 6:45,1202,490,693,7103,710301,1,31218,,Inbound,,,Seq #: 6689052,,7,1,4,123,5,,No,0,1,0,0,,0,0,,,
1,115 - Period pass,DAY PASS,4/12/22 6:45,1202,490,693,7103,710301,1,31218,,Inbound,,,Seq #: 1332844,,2,1,28,123,14,,No,0,1,0,0,,0,0,,,
1,115 - Period pass,31D LOC,4/12/22 6:45,2811,617,693,7104,710401,1,31205,,Outbound,,,Seq #: 6816031,,7,1,4,123,5,,No,0,1,0,0,,0,0,,,
1,119 - Got fare,Preset,4/12/22 6:45,1202,490,693,7103,710301,1,31218,,Inbound,,,,PRE,,0,0,0,0,,,,,0,0,,2,0,,,
1,119 - Got fare,REDUCED,4/12/22 6:46,1202,490,693,7103,710301,1,31218,,Inbound,,,,,16,6,16,0,0,,,,,0,0,,1,0,,,
1,119 - Got fare,BICYCLE,4/12/22 6:46,1202,490,693,7103,710301,1,31218,,Inbound,,,,8,,0,0,0,0,,,,,0,0,,0,0,,,
1,119 - Got fare,Mble Tic,4/12/22 6:47,1202,490,693,7103,710301,1,31218,,Inbound,,,,C,,0,0,0,0,,,,,0,0,,0,0,,,
1,115 - Period pass,31D DISC,4/12/22 6:49,2811,617,693,7104,710401,1,31205,,Outbound,,,Card ID 3409170,,8,1,5,123,5,,No,0,5,0,0,,0,0,,,
1,115 - Period pass,31D LOC,4/12/22 6:51,2811,617,693,7104,710401,1,31205,,Outbound,,,Seq #: 6816089,,7,1,4,123,5,,No,0,1,0,0,,0,0,,,
1,119 - Got fare,Preset,4/12/22 6:51,1202,490,693,7103,710301,1,31218,,Inbound,,,,PRE,,0,0,0,0,,,,,0,0,,2,0,,,
1,119 - Got fare,REDUCED,4/12/22 7:05,2811,617,693,7104,710401,1,31205,,Outbound,,,,,16,6,16,0,0,,,,,0,0,,1,0,,,
1,119 - Got fare,MST XFER,4/12/22 7:05,2811,617,693,7104,710401,1,31205,,Outbound,,,,A,,0,0,0,0,,,,,0,0,,0,0,,,
1,115 - Period pass,31D LOC,4/12/22 7:12,1202,490,693,7103,710301,1,31218,,Inbound,,,Card ID 3423677,,7,1,4,123,0,,No,0,5,0,0,,0,0,,,
1,115 - Period pass,31D DISC,4/12/22 7:15,1202,490,693,7103,710301,1,31218,,Inbound,,,Seq #: 6816044,,8,1,5,123,5,,No,0,1,0,0,,0,0,,,
1,119 - Got fare,Preset,4/12/22 7:23,1202,490,693,7103,710301,1,31218,,Inbound,,,,PRE,,0,0,0,0,,,,,0,0,,2,0,,,
1,119 - Got fare,REDUCED,4/12/22 7:25,1202,490,693,7103,710301,1,31218,,Inbound,,,,,16,6,16,0,0,,,,,0,0,,1,0,,,
1,116 - Stored value card,ST VALUE,4/12/22 7:25,1202,490,693,7103,710301,1,31218,,Inbound,,,Seq #: 6628452,,14,3,1,123,0,No,No,,,0,0,0,-1,0,13,,
1,119 - Got fare,REDUCED,4/12/22 7:26,1202,490,693,7103,710301,1,31218,,Inbound,,,,,16,6,16,0,0,,,,,0,0,,1,0,,,
1,116 - Stored value card,ST VALUE,4/12/22 7:26,1202,490,693,7103,710301,1,31218,,Inbound,,,Seq #: 6628452,,14,3,1,123,0,No,No,,,0,0,0,-1,0,12,,
1,119 - Got fare,EMPLOYEE,4/12/22 7:37,1203,542,693,6903,690302,1,31186,,Outbound,,,,3,,0,0,0,0,,,,,0,0,,0,0,,,
1,119 - Got fare,BICYCLE,4/12/22 7:37,1203,542,693,6903,690302,1,31186,,Outbound,,,,8,,0,0,0,0,,,,,0,0,,0,0,,,
1,119 - Got fare,Preset,4/12/22 7:37,1203,542,693,6903,690302,1,31186,,Outbound,,,,PRE,,0,0,0,0,,,,,0,0,,2,0,,,
1,119 - Got fare,Preset,4/12/22 7:38,1203,542,693,6903,690302,1,31186,,Outbound,,,,PRE,,0,0,0,0,,,,,0,0,,2,0,,,
1,119 - Got fare,Preset,4/12/22 7:38,1203,542,693,6903,690302,1,31186,,Outbound,,,,PRE,,0,0,0,0,,,,,0,0,,2,0,,,
1,119 - Got fare,DUMP,4/12/22 7:39,1203,542,693,6903,690302,1,31186,,Outbound,,,,DMP,,0,0,0,0,,,,,0,0,,0.17,0,,,
1,119 - Got fare,Mble Tic,4/12/22 7:39,1203,542,693,6903,690302,1,31186,,Outbound,,,,C,,0,0,0,0,,,,,0,0,,0,0,,,
1,119 - Got fare,UC/Gryhd,4/12/22 7:40,1203,542,693,6903,690302,1,31186,,Outbound,,,,1,,0,0,0,0,,,,,0,0,,0,0,,,
1,119 - Got fare,BICYCLE,4/12/22 7:40,1203,542,693,6903,690302,1,31186,,Outbound,,,,8,,0,0,0,0,,,,,0,0,,0,0,,,
1,119 - Got fare,CABRILLO,4/12/22 7:40,1203,542,693,6903,690302,1,31186,,Outbound,,,,7,,0,0,0,0,,,,,0,0,,0,0,,,
1,119 - Got fare,UC/Gryhd,4/12/22 7:40,1203,542,693,6903,690302,1,31186,,Outbound,,,,1,,0,0,0,0,,,,,0,0,,0,0,,,
1,119 - Got fare,Preset,4/12/22 7:42,1203,542,693,6903,690302,1,31186,,Outbound,,,,PRE,,0,0,0,0,,,,,0,0,,2,0,,,
1,115 - Period pass,31D DISC,4/12/22 7:42,1203,542,693,6903,690302,1,31186,,Outbound,,,Card ID 3410893,,8,1,5,123,5,,No,0,5,0,0,,0,0,,,
1,115 - Period pass,31D YTH,4/12/22 7:42,1203,542,693,6903,690302,1,31186,,Outbound,,,Seq #: 3379941,,9,1,6,123,5,,No,0,1,0,0,,0,0,,,
1,115 - Period pass,31D DISC,4/12/22 7:42,2811,617,693,7104,710402,1,31205,,Inbound,,,Card ID 3425235,,8,1,5,123,5,,No,0,5,0,0,,0,0,,,
1,119 - Got fare,CABRILLO,4/12/22 7:43,2811,617,693,7104,710402,1,31205,,Inbound,,,,7,,0,0,0,0,,,,,0,0,,0,0,,,
1,119 - Got fare,FREE,4/12/22 7:43,2811,617,693,7104,710402,1,31205,,Inbound,,,,D,,0,0,0,0,,,,,0,0,,0,0,,,
1,119 - Got fare,Preset,4/12/22 7:49,2811,617,693,7104,710402,1,31205,,Inbound,,,,PRE,,0,0,0,0,,,,,0,0,,2,0,,,
1,119 - Got fare,BICYCLE,4/12/22 7:49,2811,617,693,7104,710402,1,31205,,Inbound,,,,8,,0,0,0,0,,,,,0,0,,0,0,,,
1,119 - Got fare,DUMP,4/12/22 7:49,2811,617,693,7104,710402,1,31205,,Inbound,,,,DMP,,0,0,0,0,,,,,0,0,,1,0,,,
1,119 - Got fare,EM D DAY,4/12/22 7:49,2811,617,693,7104,710402,1,31205,,Inbound,,,,,32,6,9,0,0,,,,,0,0,,0,0,,,
1,119 - Got fare,Mble Tic,4/12/22 7:51,2811,617,693,7104,710402,1,31205,,Inbound,,,,C,,0,0,0,0,,,,,0,0,,0,0,,,
1,119 - Got fare,BICYCLE,4/12/22 7:54,2811,617,693,7104,710402,1,31205,,Inbound,,,,8,,0,0,0,0,,,,,0,0,,0,0,,,
1,115 - Period pass,31D LOC,4/12/22 7:54,2811,617,693,7104,710402,1,31205,,Inbound,,,Seq #: 6689033,,7,1,4,123,5,,No,0,1,0,0,,0,0,,,
1,115 - Period pass,31D DISC,4/12/22 7:54,2811,617,693,7104,710402,1,31205,,Inbound,,,Card ID 3409805,,8,1,5,123,5,,No,0,5,0,0,,0,0,,,
1,115 - Period pass,31D DISC,4/12/22 7:56,1203,542,693,6903,690302,1,31186,,Outbound,,,Seq #: 3425224,,8,1,5,123,5,,No,0,1,0,0,,0,0,,,
1,119 - Got fare,Preset,4/12/22 7:59,1203,542,693,6903,690302,1,31186,,Outbound,,,,PRE,,0,0,0,0,,,,,0,0,,2,0,,,
1,119 - Got fare,Mble Tic,4/12/22 7:59,1203,542,693,6903,690302,1,31186,,Outbound,,,,C,,0,0,0,0,,,,,0,0,,0,0,,,
1,119 - Got fare,DUMP,4/12/22 7:59,1203,542,693,6903,690302,1,31186,,Outbound,,,,DMP,,0,0,0,0,,,,,0,0,,1,0,,,
1,119 - Got fare,Mble Tic,4/12/22 7:59,1203,542,693,6903,690302,1,31186,,Outbound,,,,C,,0,0,0,0,,,,,0,0,,0,0,,,
1,119 - Got fare,Mble Tic,4/12/22 8:00,1203,542,693,6903,690302,1,31186,,Outbound,,,,C,,0,0,0,0,,,,,0,0,,0,0,,,
1,119 - Got fare,Mble Tic,4/12/22 8:00,1203,542,693,6903,690302,1,31186,,Outbound,,,,C,,0,0,0,0,,,,,0,0,,0,0,,,
1,119 - Got fare,Mble Tic,4/12/22 8:00,1203,542,693,6903,690302,1,31186,,Outbound,,,,C,,0,0,0,0,,,,,0,0,,0,0,,,
1,119 - Got fare,Mble Tic,4/12/22 8:01,1203,542,693,6903,690302,1,31186,,Outbound,,,,C,,0,0,0,0,,,,,0,0,,0,0,,,
1,119 - Got fare,Mble Tic,4/12/22 8:01,1203,542,693,6903,690302,1,31186,,Outbound,,,,C,,0,0,0,0,,,,,0,0,,0,0,,,
1,115 - Period pass,31D DISC,4/12/22 8:05,1203,542,693,6903,690302,1,31186,,Outbound,,,Card ID 3358741,,8,1,5,123,0,,No,0,5,0,0,,0,0,,,
1,119 - Got fare,FREE,4/12/22 8:10,1203,542,693,6903,690302,1,31186,,Outbound,,,,D,,0,0,0,0,,,,,0,0,,0,0,,,
1,119 - Got fare,REDUCED,4/12/22 8:23,1203,542,693,6903,690302,1,31186,,Outbound,,,,,16,6,16,0,0,,,,,0,0,,1,0,,,
1,115 - Period pass,31D DISC,4/12/22 8:36,2811,617,693,7104,710402,1,31205,,Inbound,,,Card ID 3409758,,8,1,5,123,5,,No,0,5,0,0,,0,0,,,
1,119 - Got fare,UC/Gryhd,4/12/22 8:36,2811,617,693,7104,710402,1,31205,,Inbound,,,,1,,0,0,0,0,,,,,0,0,,0,0,,,
1,119 - Got fare,CABRILLO,4/12/22 8:39,2811,617,693,7104,710402,1,31205,,Inbound,,,,7,,0,0,0,0,,,,,0,0,,0,0,,,
1,119 - Got fare,CABRILLO,4/12/22 8:40,2811,617,693,7104,710402,1,31205,,Inbound,,,,7,,0,0,0,0,,,,,0,0,,0,0,,,
1,119 - Got fare,FREE,4/12/22 8:40,2811,617,693,7104,710402,1,31205,,Inbound,,,,D,,0,0,0,0,,,,,0,0,,0,0,,,
1,119 - Got fare,Preset,4/12/22 8:42,2811,617,693,7104,710402,1,31205,,Inbound,,,,PRE,,0,0,0,0,,,,,0,0,,2,0,,,
1,115 - Period pass,31D LOC,4/12/22 8:53,2811,617,693,7104,710402,1,31205,,Inbound,,,Seq #: 6627136,,7,1,4,123,5,,No,0,1,0,0,,0,0,,,
1,119 - Got fare,Preset,4/12/22 8:53,2811,617,693,7104,710402,1,31205,,Inbound,,,,PRE,,0,0,0,0,,,,,0,0,,2,0,,,
1,119 - Got fare,REDUCED,4/12/22 8:53,2811,617,693,7104,710402,1,31205,,Inbound,,,,,16,6,16,0,0,,,,,0,0,,1,0,,,
1,115 - Period pass,DISC DAY,4/12/22 8:54,1203,542,693,6903,690303,1,31186,,Inbound,,,Seq #: 3387885,,3,1,29,123,5,,Yes,0,1,0,0,,0,0,,,
1,119 - Got fare,FREE,4/12/22 8:55,1203,542,693,6903,690303,1,31186,,Inbound,,,,D,,0,0,0,0,,,,,0,0,,0,0,,,
1,119 - Got fare,FREE,4/12/22 8:55,1203,542,693,6903,690303,1,31186,,Inbound,,,,D,,0,0,0,0,,,,,0,0,,0,0,,,
1,119 - Got fare,WHEELCHR,4/12/22 8:55,1203,542,693,6903,690303,1,31186,,Inbound,,,,5,,0,0,0,0,,,,,0,0,,0,0,,,
1,119 - Got fare,FREE,4/12/22 8:55,1203,542,693,6903,690303,1,31186,,Inbound,,,,D,,0,0,0,0,,,,,0,0,,0,0,,,
1,119 - Got fare,BICYCLE,4/12/22 8:57,1203,542,693,6903,690303,1,31186,,Inbound,,,,8,,0,0,0,0,,,,,0,0,,0,0,,,
1,119 - Got fare,CABRILLO,4/12/22 8:58,1203,542,693,6903,690303,1,31186,,Inbound,,,,7,,0,0,0,0,,,,,0,0,,0,0,,,
1,119 - Got fare,FREE,4/12/22 9:01,1203,542,693,6903,690303,1,31186,,Inbound,,,,D,,0,0,0,0,,,,,0,0,,0,0,,,
1,119 - Got fare,UC/Gryhd,4/12/22 9:02,2811,617,693,7104,710402,1,31205,,Inbound,,,,1,,0,0,0,0,,,,,0,0,,0,0,,,
1,119 - Got fare,Mble Tic,4/12/22 9:02,1203,542,693,6903,690303,1,31186,,Inbound,,,,C,,0,0,0,0,,,,,0,0,,0,0,,,
1,115 - Period pass,31D YTH,4/12/22 9:02,1203,542,693,6903,690303,1,31186,,Inbound,,,Card ID 3424486,,9,1,6,123,0,,No,0,5,0,0,,0,0,,,
1,119 - Got fare,UC/Gryhd,4/12/22 9:02,2811,617,693,7104,710402,1,31205,,Inbound,,,,1,,0,0,0,0,,,,,0,0,,0,0,,,
1,119 - Got fare,FREE,4/12/22 9:02,1203,542,693,6903,690303,1,31186,,Inbound,,,,D,,0,0,0,0,,,,,0,0,,0,0,,,
1,119 - Got fare,FREE,4/12/22 9:02,1203,542,693,6903,690303,1,31186,,Inbound,,,,D,,0,0,0,0,,,,,0,0,,0,0,,,
1,119 - Got fare,CABRILLO,4/12/22 9:02,1203,542,693,6903,690303,1,31186,,Inbound,,,,7,,0,0,0,0,,,,,0,0,,0,0,,,
1,119 - Got fare,UC/Gryhd,4/12/22 9:06,2811,617,693,7104,710402,1,31205,,Inbound,,,,1,,0,0,0,0,,,,,0,0,,0,0,,,
1,119 - Got fare,BICYCLE,4/12/22 9:22,1203,542,693,6903,690303,1,31186,,Inbound,,,,8,,0,0,0,0,,,,,0,0,,0,0,,,
1,119 - Got fare,Mble Tic,4/12/22 9:23,1203,542,693,6903,690303,1,31186,,Inbound,,,,C,,0,0,0,0,,,,,0,0,,0,0,,,
1,119 - Got fare,FREE,4/12/22 9:25,1203,542,693,6903,690303,1,31186,,Inbound,,,,D,,0,0,0,0,,,,,0,0,,0,0,,,
1,115 - Period pass,31D DISC,4/12/22 9:37,1905,552,693,0,710603,1,31192,,Outbound,,,Card ID 3410521,,8,1,5,123,5,,No,0,5,0,0,,0,0,,,
1,119 - Got fare,CABRILLO,4/12/22 9:38,1905,552,693,0,710603,1,31192,,Outbound,,,,7,,0,0,0,0,,,,,0,0,,0,0,,,
1,119 - Got fare,Preset,4/12/22 9:38,1905,552,693,0,710603,1,31192,,Outbound,,,,PRE,,0,0,0,0,,,,,0,0,,2,0,,,
1,119 - Got fare,FREE,4/12/22 9:39,1203,542,693,6903,690303,1,31186,,Inbound,,,,D,,0,0,0,0,,,,,0,0,,0,0,,,
1,119 - Got fare,UC/Gryhd,4/12/22 9:41,1905,552,693,0,710603,1,31192,,Outbound,,,,1,,0,0,0,0,,,,,0,0,,0,0,,,
1,119 - Got fare,Preset,4/12/22 9:42,1905,552,693,0,710603,1,31192,,Outbound,,,,PRE,,0,0,0,0,,,,,0,0,,2,0,,,
1,115 - Period pass,CITY EMP,4/12/22 9:44,1905,552,693,0,710603,1,31192,,Outbound,,,Card ID 3411271,,29,1,22,123,5,,No,0,5,0,0,,0,0,,,
1,119 - Got fare,CABRILLO,4/12/22 9:45,1905,552,693,0,710603,1,31192,,Outbound,,,,7,,0,0,0,0,,,,,0,0,,0,0,,,
1,119 - Got fare,DUMP,4/12/22 9:47,2226,555,693,3501,350105,1,31231,,Inbound,,,,DMP,,0,0,0,0,,,,,0,0,,0.6,0,,,
1,119 - Got fare,Preset,4/12/22 9:48,2226,555,693,3501,350105,1,31231,,Inbound,,,,PRE,,0,0,0,0,,,,,0,0,,2,0,,,
1,119 - Got fare,Preset,4/12/22 9:48,2226,555,693,3501,350105,1,31231,,Inbound,,,,PRE,,0,0,0,0,,,,,0,0,,2,0,,,
1,115 - Period pass,DAY PASS,4/12/22 9:48,2226,555,693,3501,350105,1,31231,,Inbound,,,Seq #: 1332849,,2,1,28,123,14,,No,0,1,0,0,,0,0,,,
1,119 - Got fare,CABRILLO,4/12/22 9:49,1905,552,693,0,710603,1,31192,,Outbound,,,,7,,0,0,0,0,,,,,0,0,,0,0,,,
1,119 - Got fare,BICYCLE,4/12/22 9:49,2226,555,693,3501,350105,1,31231,,Inbound,,,,8,,0,0,0,0,,,,,0,0,,0,0,,,
1,119 - Got fare,DAY PASS,4/12/22 9:50,2226,555,693,3501,350105,1,31231,,Inbound,,,,,19,6,19,0,0,,,,,0,0,,6,0,,,
1,115 - Period pass,DAY PASS,4/12/22 9:51,1905,552,693,0,710603,1,31192,,Outbound,,,Seq #: 3422559,,2,1,28,123,5,,Yes,0,1,0,0,,0,0,,,
1,119 - Got fare,CABRILLO,4/12/22 9:52,2226,555,693,3501,350105,1,31231,,Inbound,,,,7,,0,0,0,0,,,,,0,0,,0,0,,,
1,119 - Got fare,Preset,4/12/22 9:52,1905,552,693,0,710603,1,31192,,Outbound,,,,PRE,,0,0,0,0,,,,,0,0,,2,0,,,
1,119 - Got fare,CABRILLO,4/12/22 9:55,2226,555,693,3501,350105,1,31231,,Inbound,,,,7,,0,0,0,0,,,,,0,0,,0,0,,,
1,119 - Got fare,CABRILLO,4/12/22 9:55,2226,555,693,3501,350105,1,31231,,Inbound,,,,7,,0,0,0,0,,,,,0,0,,0,0,,,
1,119 - Got fare,CABRILLO,4/12/22 9:55,2226,555,693,3501,350105,1,31231,,Inbound,,,,7,,0,0,0,0,,,,,0,0,,0,0,,,
1,119 - Got fare,FREE,4/12/22 9:55,2226,555,693,3501,350105,1,31231,,Inbound,,,,D,,0,0,0,0,,,,,0,0,,0,0,,,
1,115 - Period pass,31D LOC,4/12/22 9:55,2226,555,693,3501,350105,1,31231,,Inbound,,,Seq #: 6688995,,7,1,4,123,5,,No,0,1,0,0,,0,0,,,
1,119 - Got fare,Preset,4/12/22 9:56,2226,555,693,3501,350105,1,31231,,Inbound,,,,PRE,,0,0,0,0,,,,,0,0,,2,0,,,
1,119 - Got fare,Preset,4/12/22 9:57,1905,552,693,0,710603,1,31192,,Outbound,,,,PRE,,0,0,0,0,,,,,0,0,,2,0,,,
1,119 - Got fare,DUMP,4/12/22 10:17,2226,555,693,3501,350105,1,31231,,Inbound,,,,DMP,,0,0,0,0,,,,,0,0,,1,0,,,
1,115 - Period pass,31D DISC,4/12/22 10:18,2226,555,693,3501,350105,1,31231,,Inbound,,,Seq #: 6627797,,8,1,5,123,5,,No,0,1,0,0,,0,0,,,
1,119 - Got fare,Mble Tic,4/12/22 10:20,2226,555,693,3501,350105,1,31231,,Inbound,,,,C,,0,0,0,0,,,,,0,0,,0,0,,,
1,115 - Period pass,31D DISC,4/12/22 10:24,2226,555,693,3501,350105,1,31231,,Inbound,,,Seq #: 3387574,,8,1,5,123,5,,No,0,1,0,0,,0,0,,,
1,115 - Period pass,31D HW17,4/12/22 10:30,2226,555,693,3501,350105,1,31231,,Inbound,,,Seq #: 6627527,,10,1,7,123,5,,No,0,1,0,0,,0,0,,,
1,115 - Period pass,31D LOC,4/12/22 10:36,1209,670,693,7107,710703,1,31202,,Outbound,,,Seq #: 3377452,,7,1,4,123,5,,No,0,1,0,0,,0,0,,,
1,119 - Got fare,UC/Gryhd,4/12/22 10:36,1209,670,693,7107,710703,1,31202,,Outbound,,,,1,,0,0,0,0,,,,,0,0,,0,0,,,
1,119 - Got fare,UC/Gryhd,4/12/22 10:36,1209,670,693,7107,710703,1,31202,,Outbound,,,,1,,0,0,0,0,,,,,0,0,,0,0,,,
1,115 - Period pass,DAY PASS,4/12/22 10:36,1209,670,693,7107,710703,1,31202,,Outbound,,,Seq #: 1238461,,2,1,28,123,14,,No,0,1,0,0,,0,0,,,
1,119 - Got fare,FREE,4/12/22 10:38,1209,670,693,7107,710703,1,31202,,Outbound,,,,D,,0,0,0,0,,,,,0,0,,0,0,,,
1,119 - Got fare,UC/Gryhd,4/12/22 10:39,2226,555,693,3501,350105,1,31231,,Inbound,,,,1,,0,0,0,0,,,,,0,0,,0,0,,,
1,115 - Period pass,31D LOC,4/12/22 10:42,1209,670,693,7107,710703,1,31202,,Outbound,,,Seq #: 3388442,,7,1,4,123,5,,No,0,1,0,0,,0,0,,,
1,115 - Period pass,31D DISC,4/12/22 10:44,1209,670,693,7107,710703,1,31202,,Outbound,,,Seq #: 3410899,,8,1,5,123,5,,No,0,1,0,0,,0,0,,,
1,119 - Got fare,BICYCLE,4/12/22 10:44,1209,670,693,7107,710703,1,31202,,Outbound,,,,8,,0,0,0,0,,,,,0,0,,0,0,,,
1,119 - Got fare,FREE,4/12/22 10:46,1209,670,693,7107,710703,1,31202,,Outbound,,,,D,,0,0,0,0,,,,,0,0,,0,0,,,
1,119 - Got fare,BICYCLE,4/12/22 10:51,1905,552,693,0,710604,1,31192,,Inbound,,,,8,,0,0,0,0,,,,,0,0,,0,0,,,
1,119 - Got fare,BICYCLE,4/12/22 10:51,1905,552,693,0,710604,1,31192,,Inbound,,,,8,,0,0,0,0,,,,,0,0,,0,0,,,
1,119 - Got fare,REDUCED,4/12/22 10:51,1209,670,693,7107,710703,1,31202,,Outbound,,,,,16,6,16,0,0,,,,,0,0,,1,0,,,
1,119 - Got fare,FREE,4/12/22 10:51,1209,670,693,7107,710703,1,31202,,Outbound,,,,D,,0,0,0,0,,,,,0,0,,0,0,,,
1,119 - Got fare,Preset,4/12/22 10:51,1905,552,693,0,710604,1,31192,,Inbound,,,,PRE,,0,0,0,0,,,,,0,0,,2,0,,,
1,115 - Period pass,31D LOC,4/12/22 10:51,1905,552,693,0,710604,1,31192,,Inbound,,,Seq #: 3410023,,7,1,4,123,5,,No,0,1,0,0,,0,0,,,
1,119 - Got fare,CABRILLO,4/12/22 10:51,1905,552,693,0,710604,1,31192,,Inbound,,,,7,,0,0,0,0,,,,,0,0,,0,0,,,
1,115 - Period pass,HW17 DAY,4/12/22 10:51,1905,552,693,0,710604,1,31192,,Inbound,,,Seq #: 4305399,,4,1,30,123,14,,No,0,1,0,0,,0,0,,,
1,119 - Got fare,Preset,4/12/22 10:51,1905,552,693,0,710604,1,31192,,Inbound,,,,PRE,,0,0,0,0,,,,,0,0,,2,0,,,
1,119 - Got fare,CABRILLO,4/12/22 10:53,1209,670,693,7107,710703,1,31202,,Outbound,,,,7,,0,0,0,0,,,,,0,0,,0,0,,,
1,119 - Got fare,Preset,4/12/22 10:58,1905,552,693,0,710604,1,31192,,Inbound,,,,PRE,,0,0,0,0,,,,,0,0,,2,0,,,
1,119 - Got fare,Preset,4/12/22 10:59,1905,552,693,0,710604,1,31192,,Inbound,,,,PRE,,0,0,0,0,,,,,0,0,,2,0,,,
1,115 - Period pass,31D DISC,4/12/22 10:59,1209,670,693,7107,710703,1,31202,,Outbound,,,Seq #: 3410592,,8,1,5,123,5,,No,0,1,0,0,,0,0,,,
1,115 - Period pass,31D DISC,4/12/22 11:00,1209,670,693,7107,710703,1,31202,,Outbound,,,Seq #: 3425202,,8,1,5,123,5,,No,0,1,0,0,,0,0,,,
1,119 - Got fare,REDUCED,4/12/22 11:00,1209,670,693,7107,710703,1,31202,,Outbound,,,,,16,6,16,0,0,,,,,0,0,,1,0,,,
1,119 - Got fare,EMERGNCY,4/12/22 11:04,1204,571,693,6904,690401,1,31169,,Outbound,,,,9,,0,0,0,0,,,,,0,0,,0,0,,,
1,119 - Got fare,EMERGNCY,4/12/22 11:04,1204,571,693,6904,690401,1,31169,,Outbound,,,,9,,0,0,0,0,,,,,0,0,,0,0,,,
1,119 - Got fare,CABRILLO,4/12/22 11:15,1209,670,693,7107,710703,1,31202,,Outbound,,,,7,,0,0,0,0,,,,,0,0,,0,0,,,
1,119 - Got fare,REDUCED,4/12/22 11:15,1905,552,693,0,710604,1,31192,,Inbound,,,,,16,6,16,0,0,,,,,0,0,,1,0,,,
1,119 - Got fare,CABRILLO,4/12/22 11:15,1905,552,693,0,710604,1,31192,,Inbound,,,,7,,0,0,0,0,,,,,0,0,,0,0,,,
1,119 - Got fare,CABRILLO,4/12/22 11:15,1905,552,693,0,710604,1,31192,,Inbound,,,,7,,0,0,0,0,,,,,0,0,,0,0,,,
1,119 - Got fare,CABRILLO,4/12/22 11:15,1905,552,693,0,710604,1,31192,,Inbound,,,,7,,0,0,0,0,,,,,0,0,,0,0,,,
1,119 - Got fare,Preset,4/12/22 11:18,1905,552,693,0,710604,1,31192,,Inbound,,,,PRE,,0,0,0,0,,,,,0,0,,2,0,,,
1,115 - Period pass,31D DISC,4/12/22 11:24,1905,552,693,0,710604,1,31192,,Inbound,,,Card ID 3409170,,8,1,5,123,5,,No,0,5,0,0,,0,0,,,
1,115 - Period pass,31D LOC,4/12/22 11:29,1905,552,693,0,710604,1,31192,,Inbound,,,Card ID 3423785,,7,1,4,123,0,,No,0,5,0,0,,0,0,,,
1,119 - Got fare,Preset,4/12/22 11:29,1905,552,693,0,710604,1,31192,,Inbound,,,,PRE,,0,0,0,0,,,,,0,0,,2,0,,,
1,115 - Period pass,DISC DAY,4/12/22 11:29,1209,670,693,7107,710703,1,31202,,Outbound,,,Seq #: 1950500,,3,1,29,123,14,,No,0,1,0,0,,0,0,,,
1,119 - Got fare,EMPLOYEE,4/12/22 11:30,1204,571,693,6904,690401,1,31169,,Outbound,,,,3,,0,0,0,0,,,,,0,0,,0,0,,,
1,119 - Got fare,UC STAFF,4/12/22 11:30,1204,571,693,6904,690401,1,31169,,Outbound,,,,2,,0,0,0,0,,,,,0,0,,0,0,,,
1,119 - Got fare,Mble Tic,4/12/22 11:30,1204,571,693,6904,690401,1,31169,,Outbound,,,,C,,0,0,0,0,,,,,0,0,,0,0,,,
1,115 - Period pass,DISC DAY,4/12/22 11:30,1204,571,693,6904,690401,1,31169,,Outbound,,,Seq #: 2270051,,3,1,29,123,14,,No,0,1,0,0,,0,0,,,
1,119 - Got fare,DUMP,4/12/22 11:30,1905,552,693,0,710604,1,31192,,Inbound,,,,DMP,,0,0,0,0,,,,,0,0,,1,0,,,
1,115 - Period pass,DAY PASS,4/12/22 11:30,1204,571,693,6904,690401,1,31169,,Outbound,,,Seq #: 1238460,,2,1,28,123,14,,No,0,1,0,0,,0,0,,,
1,119 - Got fare,Preset,4/12/22 11:31,1204,571,693,6904,690401,1,31169,,Outbound,,,,PRE,,0,0,0,0,,,,,0,0,,2,0,,,
1,115 - Period pass,31D DISC,4/12/22 11:31,1905,552,693,0,710604,1,31192,,Inbound,,,Card ID 3409286,,8,1,5,123,5,,No,0,5,0,0,,0,0,,,
1,119 - Got fare,Preset,4/12/22 11:33,1905,552,693,0,710604,1,31192,,Inbound,,,,PRE,,0,0,0,0,,,,,0,0,,2,0,,,
1,119 - Got fare,Preset,4/12/22 11:34,1204,571,693,6904,690401,1,31169,,Outbound,,,,PRE,,0,0,0,0,,,,,0,0,,2,0,,,
1,119 - Got fare,UC/Gryhd,4/12/22 11:36,1905,552,693,0,710604,1,31192,,Inbound,,,,1,,0,0,0,0,,,,,0,0,,0,0,,,
1,119 - Got fare,REDUCED,4/12/22 11:38,1204,571,693,6904,690401,1,31169,,Outbound,,,,,16,6,16,0,0,,,,,0,0,,1,0,,,
1,119 - Got fare,FREE,4/12/22 11:38,1204,571,693,6904,690401,1,31169,,Outbound,,,,D,,0,0,0,0,,,,,0,0,,0,0,,,
1,115 - Period pass,31D LOC,4/12/22 11:39,1204,571,693,6904,690401,1,31169,,Outbound,,,Seq #: 3376853,,7,1,4,123,5,,No,0,1,0,0,,0,0,,,
1,119 - Got fare,UC/Gryhd,4/12/22 11:39,1204,571,693,6904,690401,1,31169,,Outbound,,,,1,,0,0,0,0,,,,,0,0,,0,0,,,
1,119 - Got fare,BICYCLE,4/12/22 11:39,1204,571,693,6904,690401,1,31169,,Outbound,,,,8,,0,0,0,0,,,,,0,0,,0,0,,,
1,119 - Got fare,REDUCED,4/12/22 11:40,1204,571,693,6904,690401,1,31169,,Outbound,,,,,16,6,16,0,0,,,,,0,0,,1,0,,,
1,119 - Got fare,Preset,4/12/22 11:40,1905,552,693,0,710604,1,31192,,Inbound,,,,PRE,,0,0,0,0,,,,,0,0,,2,0,,,
1,115 - Period pass,31D LOC,4/12/22 11:40,1905,552,693,0,710604,1,31192,,Inbound,,,Card ID 3425170,,7,1,4,123,5,,No,0,5,0,0,,0,0,,,
1,119 - Got fare,BICYCLE,4/12/22 11:51,1209,670,693,7107,710704,1,31202,,Inbound,,,,8,,0,0,0,0,,,,,0,0,,0,0,,,
1,115 - Period pass,DISC DAY,4/12/22 11:51,1209,670,693,7107,710704,1,31202,,Inbound,,,Seq #: 3387856,,3,1,29,123,5,,Yes,0,1,0,0,,0,0,,,
1,119 - Got fare,Preset,4/12/22 11:51,1209,670,693,7107,710704,1,31202,,Inbound,,,,PRE,,0,0,0,0,,,,,0,0,,2,0,,,
1,119 - Got fare,CABRILLO,4/12/22 11:51,1209,670,693,7107,710704,1,31202,,Inbound,,,,7,,0,0,0,0,,,,,0,0,,0,0,,,
1,115 - Period pass,DISC DAY,4/12/22 11:51,1209,670,693,7107,710704,1,31202,,Inbound,,,Seq #: 226803,,3,1,29,123,14,,No,0,1,0,0,,0,0,,,
1,119 - Got fare,CABRILLO,4/12/22 11:51,1209,670,693,7107,710704,1,31202,,Inbound,,,,7,,0,0,0,0,,,,,0,0,,0,0,,,
1,119 - Got fare,FREE,4/12/22 11:51,1209,670,693,7107,710704,1,31202,,Inbound,,,,D,,0,0,0,0,,,,,0,0,,0,0,,,
1,115 - Period pass,DAY PASS,4/12/22 11:51,1209,670,693,7107,710704,1,31202,,Inbound,,,Seq #: 1231332,,2,1,28,123,14,,No,0,1,0,0,,0,0,,,
1,119 - Got fare,Preset,4/12/22 11:54,1209,670,693,7107,710704,1,31202,,Inbound,,,,PRE,,0,0,0,0,,,,,0,0,,2,0,,,
1,119 - Got fare,CABRILLO,4/12/22 11:55,1204,571,693,6904,690401,1,31169,,Outbound,,,,7,,0,0,0,0,,,,,0,0,,0,0,,,
1,119 - Got fare,CABRILLO,4/12/22 11:55,1204,571,693,6904,690401,1,31169,,Outbound,,,,7,,0,0,0,0,,,,,0,0,,0,0,,,
1,119 - Got fare,FREE,4/12/22 11:55,1204,571,693,6904,690401,1,31169,,Outbound,,,,D,,0,0,0,0,,,,,0,0,,0,0,,,
1,115 - Period pass,DAY PASS,4/12/22 11:55,1204,571,693,6904,690401,1,31169,,Outbound,,,Seq #: 1332849,,2,1,28,123,14,,No,0,1,0,0,,0,0,,,
1,119 - Got fare,Preset,4/12/22 11:57,1204,571,693,6904,690401,1,31169,,Outbound,,,,PRE,,0,0,0,0,,,,,0,0,,2,0,,,
1,119 - Got fare,CABRILLO,4/12/22 11:59,1204,571,693,6904,690401,1,31169,,Outbound,,,,7,,0,0,0,0,,,,,0,0,,0,0,,,
1,115 - Period pass,31D LOC,4/12/22 11:59,1204,571,693,6904,690401,1,31169,,Outbound,,,Seq #: 3381681,,7,1,4,123,5,,No,0,1,0,0,,0,0,,,
1,115 - Period pass,DISC DAY,4/12/22 12:00,1209,670,693,7107,710704,1,31202,,Inbound,,,Seq #: 10046287,,3,1,29,123,14,,No,0,1,0,0,,0,0,,,
1,119 - Got fare,CABRILLO,4/12/22 12:01,1204,571,693,6904,690401,1,31169,,Outbound,,,,7,,0,0,0,0,,,,,0,0,,0,0,,,
1,119 - Got fare,CABRILLO,4/12/22 12:15,1209,670,693,7107,710704,1,31202,,Inbound,,,,7,,0,0,0,0,,,,,0,0,,0,0,,,
1,119 - Got fare,CABRILLO,4/12/22 12:15,1209,670,693,7107,710704,1,31202,,Inbound,,,,7,,0,0,0,0,,,,,0,0,,0,0,,,
1,119 - Got fare,BICYCLE,4/12/22 12:22,1204,571,693,6904,690401,1,31169,,Outbound,,,,8,,0,0,0,0,,,,,0,0,,0,0,,,
1,115 - Period pass,31D DISC,4/12/22 12:23,1204,571,693,6904,690401,1,31169,,Outbound,,,Card ID 3409805,,8,1,5,123,5,,No,0,5,0,0,,0,0,,,
1,115 - Period pass,31D DISC,4/12/22 12:23,1209,670,693,7107,710704,1,31202,,Inbound,,,Seq #: 3410592,,8,1,5,123,5,,No,0,1,0,0,,0,0,,,
1,115 - Period pass,DAY PASS,4/12/22 12:28,1209,670,693,7107,710704,1,31202,,Inbound,,,Seq #: 2273592,,2,1,28,123,14,,No,0,1,0,0,,0,0,,,
1,119 - Got fare,Preset,4/12/22 12:28,1209,670,693,7107,710704,1,31202,,Inbound,,,,PRE,,0,0,0,0,,,,,0,0,,2,0,,,
1,119 - Got fare,UC/Gryhd,4/12/22 12:29,1905,552,693,7106,710605,1,31192,,Outbound,,,,1,,0,0,0,0,,,,,0,0,,0,0,,,
1,119 - Got fare,Preset,4/12/22 12:30,1905,552,693,7106,710605,1,31192,,Outbound,,,,PRE,,0,0,0,0,,,,,0,0,,2,0,,,
1,119 - Got fare,Preset,4/12/22 12:30,1905,552,693,7106,710605,1,31192,,Outbound,,,,PRE,,0,0,0,0,,,,,0,0,,2,0,,,
1,115 - Period pass,31D LOC,4/12/22 12:32,1209,670,693,7107,710704,1,31202,,Inbound,,,Seq #: 6816103,,7,1,4,123,5,,No,0,1,0,0,,0,0,,,
1,119 - Got fare,SHORT,4/12/22 12:34,1209,670,693,7107,710704,1,31202,,Inbound,,,,,18,6,18,0,0,,,,,0,0,,1.56,0,,,
1,119 - Got fare,Preset,4/12/22 12:36,1209,670,693,7107,710704,1,31202,,Inbound,,,,PRE,,0,0,0,0,,,,,0,0,,2,0,,,
1,115 - Period pass,DISC DAY,4/12/22 12:39,1905,552,693,7106,710605,1,31192,,Outbound,,,Seq #: 2268458,,3,1,29,123,14,,No,0,1,0,0,,0,0,,,
1,119 - Got fare,UC/Gryhd,4/12/22 12:42,1209,670,693,7107,710704,1,31202,,Inbound,,,,1,,0,0,0,0,,,,,0,0,,0,0,,,
1,119 - Got fare,REDUCED,4/12/22 12:43,1209,670,693,7107,710704,1,31202,,Inbound,,,,,16,6,16,0,0,,,,,0,0,,1,0,,,
1,119 - Got fare,CABRILLO,4/12/22 12:50,1905,552,693,7106,710605,1,31192,,Outbound,,,,7,,0,0,0,0,,,,,0,0,,0,0,,,
1,119 - Got fare,CABRILLO,4/12/22 12:50,1905,552,693,7106,710605,1,31192,,Outbound,,,,7,,0,0,0,0,,,,,0,0,,0,0,,,
1,119 - Got fare,REDUCED,4/12/22 12:50,1905,552,693,7106,710605,1,31192,,Outbound,,,,,16,6,16,0,0,,,,,0,0,,1,0,,,
1,119 - Got fare,FREE,4/12/22 12:50,1905,552,693,7106,710605,1,31192,,Outbound,,,,D,,0,0,0,0,,,,,0,0,,0,0,,,
1,119 - Got fare,FREE,4/12/22 12:50,1905,552,693,7106,710605,1,31192,,Outbound,,,,D,,0,0,0,0,,,,,0,0,,0,0,,,
1,119 - Got fare,Preset,4/12/22 12:51,1905,688,693,7106,710605,1,31192,,Outbound,,,,PRE,,0,0,0,0,,,,,0,0,,2,0,,,
1,119 - Got fare,WHEELCHR,4/12/22 12:51,1204,571,693,6904,690402,1,31169,,Inbound,,,,5,,0,0,0,0,,,,,0,0,,0,0,,,
1,115 - Period pass,31D DISC,4/12/22 12:51,1204,571,693,6904,690402,1,31169,,Inbound,,,Card ID 3425182,,8,1,5,123,5,,No,0,5,0,0,,0,0,,,
1,115 - Period pass,31D LOC,4/12/22 12:51,1204,571,693,6904,690402,1,31169,,Inbound,,,Card ID 3410946,,7,1,4,123,5,,No,0,5,0,0,,0,0,,,
1,119 - Got fare,EMERGNCY,4/12/22 12:57,1905,688,693,7106,710605,1,31192,,Outbound,,,,9,,0,0,0,0,,,,,0,0,,0,0,,,
1,119 - Got fare,EMERGNCY,4/12/22 12:57,1905,688,693,7106,710605,1,31192,,Outbound,,,,9,,0,0,0,0,,,,,0,0,,0,0,,,
1,119 - Got fare,Preset,4/12/22 12:59,1204,571,693,6904,690402,1,31169,,Inbound,,,,PRE,,0,0,0,0,,,,,0,0,,2,0,,,
1,119 - Got fare,MST XFER,4/12/22 12:59,1905,688,693,7106,710605,1,31192,,Outbound,,,,A,,0,0,0,0,,,,,0,0,,0,0,,,
1,119 - Got fare,MST XFER,4/12/22 13:00,1905,688,693,7106,710605,1,31192,,Outbound,,,,A,,0,0,0,0,,,,,0,0,,0,0,,,
1,119 - Got fare,MST XFER,4/12/22 13:00,1905,688,693,7106,710605,1,31192,,Outbound,,,,A,,0,0,0,0,,,,,0,0,,0,0,,,
1,115 - Period pass,DISC DAY,4/12/22 13:10,1905,688,693,7106,710605,1,31192,,Outbound,,,Seq #: 10046286,,3,1,29,123,14,,No,0,1,0,0,,0,0,,,
1,119 - Got fare,REDUCED,4/12/22 13:11,1204,571,693,6904,690402,1,31169,,Inbound,,,,,16,6,16,0,0,,,,,0,0,,1,0,,,
1,119 - Got fare,WHEELCHR,4/12/22 13:11,1905,688,693,7106,710605,1,31192,,Outbound,,,,5,,0,0,0,0,,,,,0,0,,0,0,,,
1,119 - Got fare,CABRILLO,4/12/22 13:13,1204,571,693,6904,690402,1,31169,,Inbound,,,,7,,0,0,0,0,,,,,0,0,,0,0,,,
1,119 - Got fare,CABRILLO,4/12/22 13:13,1204,571,693,6904,690402,1,31169,,Inbound,,,,7,,0,0,0,0,,,,,0,0,,0,0,,,
1,119 - Got fare,CABRILLO,4/12/22 13:13,1204,571,693,6904,690402,1,31169,,Inbound,,,,7,,0,0,0,0,,,,,0,0,,0,0,,,
1,119 - Got fare,Preset,4/12/22 13:18,1204,571,693,6904,690402,1,31169,,Inbound,,,,PRE,,0,0,0,0,,,,,0,0,,2,0,,,
1,119 - Got fare,Preset,4/12/22 13:20,1204,571,693,6904,690402,1,31169,,Inbound,,,,PRE,,0,0,0,0,,,,,0,0,,2,0,,,
1,119 - Got fare,REDUCED,4/12/22 13:25,1905,688,693,7106,710605,1,31192,,Outbound,,,,,16,6,16,0,0,,,,,0,0,,1,0,,,
1,119 - Got fare,UC/Gryhd,4/12/22 13:28,1209,670,693,7107,710705,1,31202,,Outbound,,,,1,,0,0,0,0,,,,,0,0,,0,0,,,
1,119 - Got fare,UC/Gryhd,4/12/22 13:28,1209,670,693,7107,710705,1,31202,,Outbound,,,,1,,0,0,0,0,,,,,0,0,,0,0,,,
1,119 - Got fare,FREE,4/12/22 13:28,1209,670,693,7107,710705,1,31202,,Outbound,,,,D,,0,0,0,0,,,,,0,0,,0,0,,,
1,119 - Got fare,Preset,4/12/22 13:29,1209,670,693,7107,710705,1,31202,,Outbound,,,,PRE,,0,0,0,0,,,,,0,0,,2,0,,,
1,115 - Period pass,DAY PASS,4/12/22 13:29,1209,670,693,7107,710705,1,31202,,Outbound,,,Seq #: 1237287,,2,1,28,123,14,,No,0,1,0,0,,0,0,,,
1,119 - Got fare,REDUCED,4/12/22 13:29,1204,571,693,6904,690402,1,31169,,Inbound,,,,,16,6,16,0,0,,,,,0,0,,1,0,,,
1,119 - Got fare,Preset,4/12/22 13:29,1204,571,693,6904,690402,1,31169,,Inbound,,,,PRE,,0,0,0,0,,,,,0,0,,2,0,,,
1,119 - Got fare,Preset,4/12/22 13:29,1204,571,693,6904,690402,1,31169,,Inbound,,,,PRE,,0,0,0,0,,,,,0,0,,2,0,,,
1,119 - Got fare,UC/Gryhd,4/12/22 13:29,1209,670,693,7107,710705,1,31202,,Outbound,,,,1,,0,0,0,0,,,,,0,0,,0,0,,,
1,119 - Got fare,REDUCED,4/12/22 13:30,1209,670,693,7107,710705,1,31202,,Outbound,,,,,16,6,16,0,0,,,,,0,0,,1,0,,,
1,119 - Got fare,UC/Gryhd,4/12/22 13:32,1204,571,693,6904,690402,1,31169,,Inbound,,,,1,,0,0,0,0,,,,,0,0,,0,0,,,
1,119 - Got fare,REDUCED,4/12/22 13:33,1209,670,693,7107,710705,1,31202,,Outbound,,,,,16,6,16,0,0,,,,,0,0,,1,0,,,
1,119 - Got fare,FREE,4/12/22 13:34,1209,670,693,7107,710705,1,31202,,Outbound,,,,D,,0,0,0,0,,,,,0,0,,0,0,,,
1,119 - Got fare,FREE,4/12/22 13:34,1209,670,693,7107,710705,1,31202,,Outbound,,,,D,,0,0,0,0,,,,,0,0,,0,0,,,
1,119 - Got fare,Preset,4/12/22 13:36,1209,670,693,7107,710705,1,31202,,Outbound,,,,PRE,,0,0,0,0,,,,,0,0,,2,0,,,
1,115 - Period pass,31D LOC,4/12/22 13:38,1204,571,693,6904,690402,1,31169,,Inbound,,,Seq #: 3376853,,7,1,4,123,5,,No,0,1,0,0,,0,0,,,
1,115 - Period pass,DAY PASS,4/12/22 13:39,1209,670,693,7107,710705,1,31202,,Outbound,,,Seq #: 1238461,,2,1,28,123,14,,No,0,1,0,0,,0,0,,,
1,119 - Got fare,BICYCLE,4/12/22 13:39,1209,670,693,7107,710705,1,31202,,Outbound,,,,8,,0,0,0,0,,,,,0,0,,0,0,,,
1,115 - Period pass,31D LOC,4/12/22 13:39,1209,670,693,7107,710705,1,31202,,Outbound,,,Seq #: 3385094,,7,1,4,123,5,,No,0,1,0,0,,0,0,,,
1,119 - Got fare,REDUCED,4/12/22 13:40,1204,571,693,6904,690402,1,31169,,Inbound,,,,,16,6,16,0,0,,,,,0,0,,1,0,,,
1,115 - Period pass,DISC DAY,4/12/22 13:40,1204,571,693,6904,690402,1,31169,,Inbound,,,Seq #: 2264034,,3,1,29,123,14,,No,0,1,0,0,,0,0,,,
1,119 - Got fare,Preset,4/12/22 13:43,1209,670,693,7107,710705,1,31202,,Outbound,,,,PRE,,0,0,0,0,,,,,0,0,,2,0,,,
1,119 - Got fare,Preset,4/12/22 13:48,1209,670,693,7107,710705,1,31202,,Outbound,,,,PRE,,0,0,0,0,,,,,0,0,,2,0,,,
1,119 - Got fare,REDUCED,4/12/22 13:49,1205,599,693,7105,710505,1,31155,,Inbound,,,,,16,6,16,0,0,,,,,0,0,,1,0,,,
1,115 - Period pass,31D DISC,4/12/22 13:54,1205,599,693,7105,710505,1,31155,,Inbound,,,Seq #: 6689031,,8,1,5,123,5,,No,0,1,0,0,,0,0,,,
1,119 - Got fare,Preset,4/12/22 13:55,1205,599,693,7105,710505,1,31155,,Inbound,,,,PRE,,0,0,0,0,,,,,0,0,,2,0,,,
1,119 - Got fare,FREE,4/12/22 13:56,1209,670,693,7107,710705,1,31202,,Outbound,,,,D,,0,0,0,0,,,,,0,0,,0,0,,,
1,115 - Period pass,DISC DAY,4/12/22 13:56,1209,670,693,7107,710705,1,31202,,Outbound,,,Seq #: 2264616,,3,1,29,123,14,,No,0,1,0,0,,0,0,,,
1,115 - Period pass,DISC DAY,4/12/22 13:56,1209,670,693,7107,710705,1,31202,,Outbound,,,Seq #: 2264617,,3,1,29,123,14,,No,0,1,0,0,,0,0,,,
1,115 - Period pass,31D LOC,4/12/22 13:56,1209,670,693,7107,710705,1,31202,,Outbound,,,Seq #: 6627317,,7,1,4,123,5,,No,0,1,0,0,,0,0,,,
1,119 - Got fare,Preset,4/12/22 13:56,1209,670,693,7107,710705,1,31202,,Outbound,,,,PRE,,0,0,0,0,,,,,0,0,,2,0,,,
1,119 - Got fare,FREE,4/12/22 13:56,1209,670,693,7107,710705,1,31202,,Outbound,,,,D,,0,0,0,0,,,,,0,0,,0,0,,,
1,119 - Got fare,FREE,4/12/22 13:56,1209,670,693,7107,710705,1,31202,,Outbound,,,,D,,0,0,0,0,,,,,0,0,,0,0,,,
1,119 - Got fare,Preset,4/12/22 13:56,1209,670,693,7107,710705,1,31202,,Outbound,,,,PRE,,0,0,0,0,,,,,0,0,,2,0,,,
1,115 - Period pass,31D DISC,4/12/22 14:02,1209,670,693,7107,710705,1,31202,,Outbound,,,Seq #: 6816042,,8,1,5,123,5,,No,0,1,0,0,,0,0,,,
1,119 - Got fare,Preset,4/12/22 14:05,1209,670,693,7107,710705,1,31202,,Outbound,,,,PRE,,0,0,0,0,,,,,0,0,,2,0,,,
1,119 - Got fare,Preset,4/12/22 14:07,1209,670,693,7107,710705,1,31202,,Outbound,,,,PRE,,0,0,0,0,,,,,0,0,,2,0,,,
1,119 - Got fare,FREE,4/12/22 14:10,1209,670,693,7107,710705,1,31202,,Outbound,,,,D,,0,0,0,0,,,,,0,0,,0,0,,,
1,115 - Period pass,31D DISC,4/12/22 14:10,1205,599,693,7105,710505,1,31155,,Inbound,,,Card ID 3408827,,8,1,5,123,5,,No,0,5,0,0,,0,0,,,
1,119 - Got fare,WHEELCHR,4/12/22 14:10,1205,599,693,7105,710505,1,31155,,Inbound,,,,5,,0,0,0,0,,,,,0,0,,0,0,,,
1,119 - Got fare,Preset,4/12/22 14:11,1205,599,693,7105,710505,1,31155,,Inbound,,,,PRE,,0,0,0,0,,,,,0,0,,2,0,,,
1,119 - Got fare,Preset,4/12/22 14:11,1205,599,693,7105,710505,1,31155,,Inbound,,,,PRE,,0,0,0,0,,,,,0,0,,2,0,,,
1,119 - Got fare,UC/Gryhd,4/12/22 14:11,1205,599,693,7105,710505,1,31155,,Inbound,,,,1,,0,0,0,0,,,,,0,0,,0,0,,,
1,119 - Got fare,Preset,4/12/22 14:12,1205,599,693,7105,710505,1,31155,,Inbound,,,,PRE,,0,0,0,0,,,,,0,0,,2,0,,,
1,119 - Got fare,BICYCLE,4/12/22 14:12,1205,599,693,7105,710505,1,31155,,Inbound,,,,8,,0,0,0,0,,,,,0,0,,0,0,,,
1,119 - Got fare,Preset,4/12/22 14:16,1209,670,693,7107,710705,1,31202,,Outbound,,,,PRE,,0,0,0,0,,,,,0,0,,2,0,,,
1,119 - Got fare,MST XFER,4/12/22 14:16,1209,670,693,7107,710705,1,31202,,Outbound,,,,A,,0,0,0,0,,,,,0,0,,0,0,,,
1,119 - Got fare,CABRILLO,4/12/22 14:16,1205,599,693,7105,710505,1,31155,,Inbound,,,,7,,0,0,0,0,,,,,0,0,,0,0,,,
1,119 - Got fare,WHEELCHR,4/12/22 14:16,1205,599,693,7105,710505,1,31155,,Inbound,,,,5,,0,0,0,0,,,,,0,0,,0,0,,,
1,119 - Got fare,Preset,4/12/22 14:17,1205,599,693,7105,710505,1,31155,,Inbound,,,,PRE,,0,0,0,0,,,,,0,0,,2,0,,,
1,119 - Got fare,CABRILLO,4/12/22 14:17,1205,599,693,7105,710505,1,31155,,Inbound,,,,7,,0,0,0,0,,,,,0,0,,0,0,,,
1,119 - Got fare,CABRILLO,4/12/22 14:17,1205,599,693,7105,710505,1,31155,,Inbound,,,,7,,0,0,0,0,,,,,0,0,,0,0,,,
1,119 - Got fare,REDUCED,4/12/22 14:22,1205,599,693,7105,710505,1,31155,,Inbound,,,,,16,6,16,0,0,,,,,0,0,,1,0,,,
1,115 - Period pass,DAY PASS,4/12/22 14:30,1205,599,693,7105,710505,1,31155,,Inbound,,,Seq #: 2373730,,2,1,28,123,14,,No,0,1,0,0,,0,0,,,
1,119 - Got fare,UC/Gryhd,4/12/22 14:31,1204,571,693,6904,690403,1,31169,,Outbound,,,,1,,0,0,0,0,,,,,0,0,,0,0,,,
1,119 - Got fare,Preset,4/12/22 14:32,1204,571,693,6904,690403,1,31169,,Outbound,,,,PRE,,0,0,0,0,,,,,0,0,,2,0,,,
1,119 - Got fare,Preset,4/12/22 14:33,1204,571,693,6904,690403,1,31169,,Outbound,,,,PRE,,0,0,0,0,,,,,0,0,,2,0,,,
1,119 - Got fare,Preset,4/12/22 14:33,1205,599,693,7105,710505,1,31155,,Inbound,,,,PRE,,0,0,0,0,,,,,0,0,,2,0,,,
1,119 - Got fare,MST XFER,4/12/22 14:33,1204,571,693,6904,690403,1,31169,,Outbound,,,,A,,0,0,0,0,,,,,0,0,,0,0,,,
1,119 - Got fare,Preset,4/12/22 14:33,1204,571,693,6904,690403,1,31169,,Outbound,,,,PRE,,0,0,0,0,,,,,0,0,,2,0,,,
1,115 - Period pass,31D DISC,4/12/22 14:33,1204,571,693,6904,690403,1,31169,,Outbound,,,Seq #: 6628532,,8,1,5,123,5,,No,0,1,0,0,,0,0,,,
1,115 - Period pass,31D LOC,4/12/22 14:34,1205,599,693,7105,710505,1,31155,,Inbound,,,Seq #: 3410368,,7,1,4,123,5,,No,0,1,0,0,,0,0,,,
1,119 - Got fare,REDUCED,4/12/22 14:35,1204,571,693,6904,690403,1,31169,,Outbound,,,,,16,6,16,0,0,,,,,0,0,,1,0,,,
1,119 - Got fare,REDUCED,4/12/22 14:35,1204,571,693,6904,690403,1,31169,,Outbound,,,,,16,6,16,0,0,,,,,0,0,,1,0,,,
1,119 - Got fare,Preset,4/12/22 14:35,1204,571,693,6904,690403,1,31169,,Outbound,,,,PRE,,0,0,0,0,,,,,0,0,,2,0,,,
1,119 - Got fare,REDUCED,4/12/22 14:35,1204,571,693,6904,690403,1,31169,,Outbound,,,,,16,6,16,0,0,,,,,0,0,,1,0,,,
1,119 - Got fare,REDUCED,4/12/22 14:35,1204,571,693,6904,690403,1,31169,,Outbound,,,,,16,6,16,0,0,,,,,0,0,,1,0,,,
1,119 - Got fare,DAY PASS,4/12/22 14:36,1204,571,693,6904,690403,1,31169,,Outbound,,,,,19,6,19,0,0,,,,,0,0,,6,0,,,
1,115 - Period pass,DISC DAY,4/12/22 14:38,1205,599,693,7105,710505,1,31155,,Inbound,,,Seq #: 1230455,,3,1,29,123,14,,No,0,1,0,0,,0,0,,,
1,119 - Got fare,Preset,4/12/22 14:39,1204,571,693,6904,690403,1,31169,,Outbound,,,,PRE,,0,0,0,0,,,,,0,0,,2,0,,,
1,115 - Period pass,DAY PASS,4/12/22 14:40,1205,599,693,7105,710505,1,31155,,Inbound,,,Seq #: 2277061,,2,1,28,123,14,,No,0,1,0,0,,0,0,,,
1,115 - Period pass,DAY PASS,4/12/22 14:41,1204,571,693,6904,690403,1,31169,,Outbound,,,Seq #: 1332853,,2,1,28,123,14,,No,0,1,0,0,,0,0,,,
1,115 - Period pass,31D DISC,4/12/22 14:42,1205,599,693,7105,710505,1,31155,,Inbound,,,Card ID 3410986,,8,1,5,123,5,,No,0,5,0,0,,0,0,,,
1,119 - Got fare,Preset,4/12/22 14:44,1204,571,693,6904,690403,1,31169,,Outbound,,,,PRE,,0,0,0,0,,,,,0,0,,2,0,,,
1,119 - Got fare,Preset,4/12/22 14:44,1204,571,693,6904,690403,1,31169,,Outbound,,,,PRE,,0,0,0,0,,,,,0,0,,2,0,,,
1,119 - Got fare,SHORT,4/12/22 14:50,1204,571,693,6904,690403,1,31169,,Outbound,,,,,18,6,18,0,0,,,,,0,0,,1,0,,,
1,115 - Period pass,31D DISC,4/12/22 14:50,1208,388,693,7102,710207,1,31176,,Inbound,,,Card ID 3409805,,8,1,5,123,5,,No,0,5,0,0,,0,0,,,
1,119 - Got fare,Preset,4/12/22 14:50,1208,388,693,7102,710207,1,31176,,Inbound,,,,PRE,,0,0,0,0,,,,,0,0,,2,0,,,
1,115 - Period pass,31D DISC,4/12/22 14:56,1204,571,693,6904,690403,1,31169,,Outbound,,,Seq #: 6816080,,8,1,5,123,5,,No,0,1,0,0,,0,0,,,
1,115 - Period pass,DISC DAY,4/12/22 14:58,1204,571,693,6904,690403,1,31169,,Outbound,,,Seq #: 1230456,,3,1,29,123,14,,No,0,1,0,0,,0,0,,,
1,119 - Got fare,Preset,4/12/22 14:59,1204,571,693,6904,690403,1,31169,,Outbound,,,,PRE,,0,0,0,0,,,,,0,0,,2,0,,,
1,119 - Got fare,REDUCED,4/12/22 14:59,1204,571,693,6904,690403,1,31169,,Outbound,,,,,16,6,16,0,0,,,,,0,0,,1,0,,,
1,119 - Got fare,Preset,4/12/22 15:00,1208,388,693,7102,710207,1,31176,,Inbound,,,,PRE,,0,0,0,0,,,,,0,0,,2,0,,,
1,119 - Got fare,Preset,4/12/22 15:05,1204,571,693,6904,690403,1,31169,,Outbound,,,,PRE,,0,0,0,0,,,,,0,0,,2,0,,,
1,119 - Got fare,MST XFER,4/12/22 15:05,1204,571,693,6904,690403,1,31169,,Outbound,,,,A,,0,0,0,0,,,,,0,0,,0,0,,,
1,119 - Got fare,REDUCED,4/12/22 15:05,1204,571,693,6904,690403,1,31169,,Outbound,,,,,16,6,16,0,0,,,,,0,0,,1,0,,,
1,119 - Got fare,Preset,4/12/22 15:06,1204,571,693,6904,690403,1,31169,,Outbound,,,,PRE,,0,0,0,0,,,,,0,0,,2,0,,,
1,119 - Got fare,Preset,4/12/22 15:07,1204,571,693,6904,690403,1,31169,,Outbound,,,,PRE,,0,0,0,0,,,,,0,0,,2,0,,,
1,119 - Got fare,Preset,4/12/22 15:09,1204,571,693,6904,690403,1,31169,,Outbound,,,,PRE,,0,0,0,0,,,,,0,0,,2,0,,,
1,115 - Period pass,DAY PASS,4/12/22 15:09,1204,571,693,6904,690403,1,31169,,Outbound,,,Seq #: 3376498,,2,1,28,123,5,,No,0,1,0,0,,0,0,,,
1,115 - Period pass,31D DISC,4/12/22 15:13,1208,388,693,7102,710207,1,31176,,Inbound,,,Card ID 3410273,,8,1,5,123,5,,No,0,5,0,0,,0,0,,,
1,119 - Got fare,Preset,4/12/22 15:13,1204,571,693,6904,690403,1,31169,,Outbound,,,,PRE,,0,0,0,0,,,,,0,0,,2,0,,,
1,119 - Got fare,CABRILLO,4/12/22 15:15,1204,571,693,6904,690403,1,31169,,Outbound,,,,7,,0,0,0,0,,,,,0,0,,0,0,,,
1,119 - Got fare,CABRILLO,4/12/22 15:15,1208,388,693,7102,710207,1,31176,,Inbound,,,,7,,0,0,0,0,,,,,0,0,,0,0,,,
1,119 - Got fare,Preset,4/12/22 15:15,1208,388,693,7102,710207,1,31176,,Inbound,,,,PRE,,0,0,0,0,,,,,0,0,,2,0,,,
1,119 - Got fare,CABRILLO,4/12/22 15:15,1208,388,693,7102,710207,1,31176,,Inbound,,,,7,,0,0,0,0,,,,,0,0,,0,0,,,
1,119 - Got fare,CABRILLO,4/12/22 15:16,1208,388,693,7102,710207,1,31176,,Inbound,,,,7,,0,0,0,0,,,,,0,0,,0,0,,,
1,115 - Period pass,31D YTH,4/12/22 15:18,1208,388,693,7102,710207,1,31176,,Inbound,,,Seq #: 6627318,,9,1,6,123,5,,No,0,1,0,0,,0,0,,,
1,115 - Period pass,31D LOC,4/12/22 15:18,1208,388,693,7102,710207,1,31176,,Inbound,,,Seq #: 6627317,,7,1,4,123,5,,No,0,1,0,0,,0,0,,,
1,115 - Period pass,31D LOC,4/12/22 15:18,1208,388,693,7102,710207,1,31176,,Inbound,,,Seq #: 6816089,,7,1,4,123,5,,No,0,1,0,0,,0,0,,,
1,119 - Got fare,UC/Gryhd,4/12/22 15:23,1205,194,693,7105,710506,1,31155,,Outbound,,,,1,,0,0,0,0,,,,,0,0,,0,0,,,
1,119 - Got fare,Preset,4/12/22 15:24,1205,194,693,7105,710506,1,31155,,Outbound,,,,PRE,,0,0,0,0,,,,,0,0,,2,0,,,
1,115 - Period pass,DAY PASS,4/12/22 15:24,1205,194,693,7105,710506,1,31155,,Outbound,,,Seq #: 3421126,,2,1,28,123,5,,No,0,1,0,0,,0,0,,,
1,119 - Got fare,UC/Gryhd,4/12/22 15:24,1205,194,693,7105,710506,1,31155,,Outbound,,,,1,,0,0,0,0,,,,,0,0,,0,0,,,
1,119 - Got fare,UC/Gryhd,4/12/22 15:24,1205,194,693,7105,710506,1,31155,,Outbound,,,,1,,0,0,0,0,,,,,0,0,,0,0,,,
1,115 - Period pass,DISC DAY,4/12/22 15:25,1208,388,693,7102,710207,1,31176,,Inbound,,,Seq #: 2282951,,3,1,29,123,14,,No,0,1,0,0,,0,0,,,
1,119 - Got fare,Preset,4/12/22 15:25,1205,194,693,7105,710506,1,31155,,Outbound,,,,PRE,,0,0,0,0,,,,,0,0,,2,0,,,
1,119 - Got fare,REDUCED,4/12/22 15:25,1205,194,693,7105,710506,1,31155,,Outbound,,,,,16,6,16,0,0,,,,,0,0,,1,0,,,
1,119 - Got fare,Preset,4/12/22 15:25,1205,194,693,7105,710506,1,31155,,Outbound,,,,PRE,,0,0,0,0,,,,,0,0,,2,0,,,
1,116 - Stored value card,ST VALUE,4/12/22 15:25,1205,194,693,7105,710506,1,31155,,Outbound,,,Seq #: 6626727,,14,3,1,123,0,No,No,,,0,0,0,-2,0,8.85,,
1,119 - Got fare,Preset,4/12/22 15:25,1208,388,693,7102,710207,1,31176,,Inbound,,,,PRE,,0,0,0,0,,,,,0,0,,2,0,,,
1,119 - Got fare,Preset,4/12/22 15:25,1208,388,693,7102,710207,1,31176,,Inbound,,,,PRE,,0,0,0,0,,,,,0,0,,2,0,,,
1,119 - Got fare,Mble Tic,4/12/22 15:25,1208,388,693,7102,710207,1,31176,,Inbound,,,,C,,0,0,0,0,,,,,0,0,,0,0,,,
1,115 - Period pass,31D LOC,4/12/22 15:29,1208,388,693,7102,710207,1,31176,,Inbound,,,Seq #: 6816031,,7,1,4,123,5,,No,0,1,0,0,,0,0,,,
1,119 - Got fare,Preset,4/12/22 15:33,1205,194,693,7105,710506,1,31155,,Outbound,,,,PRE,,0,0,0,0,,,,,0,0,,2,0,,,
1,119 - Got fare,REDUCED,4/12/22 15:34,1208,388,693,7102,710207,1,31176,,Inbound,,,,,16,6,16,0,0,,,,,0,0,,1,0,,,
1,119 - Got fare,Preset,4/12/22 15:34,1208,388,693,7102,710207,1,31176,,Inbound,,,,PRE,,0,0,0,0,,,,,0,0,,2,0,,,
1,115 - Period pass,31D LOC,4/12/22 15:34,1208,388,693,7102,710207,1,31176,,Inbound,,,Seq #: 3408112,,7,1,4,123,5,,No,0,1,0,0,,0,0,,,
1,119 - Got fare,Preset,4/12/22 15:34,1208,388,693,7102,710207,1,31176,,Inbound,,,,PRE,,0,0,0,0,,,,,0,0,,2,0,,,
1,115 - Period pass,31D DISC,4/12/22 15:34,1208,388,693,7102,710207,1,31176,,Inbound,,,Seq #: 6816023,,8,1,5,123,5,,No,0,1,0,0,,0,0,,,
1,119 - Got fare,REDUCED,4/12/22 15:34,1208,388,693,7102,710207,1,31176,,Inbound,,,,,16,6,16,0,0,,,,,0,0,,1,0,,,
1,119 - Got fare,Preset,4/12/22 15:35,1205,194,693,7105,710506,1,31155,,Outbound,,,,PRE,,0,0,0,0,,,,,0,0,,2,0,,,
1,119 - Got fare,Preset,4/12/22 15:35,1205,194,693,7105,710506,1,31155,,Outbound,,,,PRE,,0,0,0,0,,,,,0,0,,2,0,,,
1,119 - Got fare,Preset,4/12/22 15:37,1208,388,693,7102,710207,1,31176,,Inbound,,,,PRE,,0,0,0,0,,,,,0,0,,2,0,,,
1,119 - Got fare,Preset,4/12/22 15:38,1208,388,693,7102,710207,1,31176,,Inbound,,,,PRE,,0,0,0,0,,,,,0,0,,2,0,,,
1,119 - Got fare,Preset,4/12/22 15:39,1205,194,693,7105,710506,1,31155,,Outbound,,,,PRE,,0,0,0,0,,,,,0,0,,2,0,,,
1,119 - Got fare,MST XFER,4/12/22 15:40,2226,638,693,3501,350109,1,31231,,Inbound,,,,A,,0,0,0,0,,,,,0,0,,0,0,,,
1,119 - Got fare,EMPLOYEE,4/12/22 15:41,1208,388,693,7102,710207,1,31176,,Inbound,,,,3,,0,0,0,0,,,,,0,0,,0,0,,,
1,119 - Got fare,EMPLOYEE,4/12/22 15:41,1208,388,693,7102,710207,1,31176,,Inbound,,,,3,,0,0,0,0,,,,,0,0,,0,0,,,
1,119 - Got fare,Preset,4/12/22 15:42,1208,388,693,7102,710207,1,31176,,Inbound,,,,PRE,,0,0,0,0,,,,,0,0,,2,0,,,
1,115 - Period pass,CITY EMP,4/12/22 15:42,1208,388,693,7102,710207,1,31176,,Inbound,,,Card ID 3411271,,29,1,22,123,5,,No,0,5,0,0,,0,0,,,
1,119 - Got fare,Preset,4/12/22 15:42,1205,194,693,7105,710506,1,31155,,Outbound,,,,PRE,,0,0,0,0,,,,,0,0,,2,0,,,
1,119 - Got fare,Preset,4/12/22 15:43,1205,194,693,7105,710506,1,31155,,Outbound,,,,PRE,,0,0,0,0,,,,,0,0,,2,0,,,
1,115 - Period pass,31D DISC,4/12/22 15:45,1205,194,693,7105,710506,1,31155,,Outbound,,,Seq #: 6688970,,8,1,5,123,5,,No,0,1,0,0,,0,0,,,
1,119 - Got fare,WHEELCHR,4/12/22 15:47,1208,388,693,7102,710207,1,31176,,Inbound,,,,5,,0,0,0,0,,,,,0,0,,0,0,,,
1,119 - Got fare,UC STAFF,4/12/22 15:47,1205,194,693,7105,710506,1,31155,,Outbound,,,,2,,0,0,0,0,,,,,0,0,,0,0,,,
1,119 - Got fare,REDUCED,4/12/22 15:48,1208,388,693,7102,710207,1,31176,,Inbound,,,,,16,6,16,0,0,,,,,0,0,,1,0,,,
1,119 - Got fare,Preset,4/12/22 15:48,1208,388,693,7102,710207,1,31176,,Inbound,,,,PRE,,0,0,0,0,,,,,0,0,,2,0,,,
1,115 - Period pass,31D DISC,4/12/22 15:50,2226,638,693,3501,350109,1,31231,,Inbound,,,Card ID 3409911,,8,1,5,123,0,,No,0,5,0,0,,0,0,,,
1,119 - Got fare,REDUCED,4/12/22 15:50,2226,638,693,3501,350109,1,31231,,Inbound,,,,,16,6,16,0,0,,,,,0,0,,1,0,,,
1,115 - Period pass,31D DISC,4/12/22 15:52,1205,194,693,7105,710506,1,31155,,Outbound,,,Seq #: 3387574,,8,1,5,123,5,,No,0,1,0,0,,0,0,,,
1,119 - Got fare,Preset,4/12/22 15:52,2226,638,693,3501,350109,1,31231,,Inbound,,,,PRE,,0,0,0,0,,,,,0,0,,2,0,,,
1,119 - Got fare,Preset,4/12/22 15:53,1208,388,693,7102,710207,1,31176,,Inbound,,,,PRE,,0,0,0,0,,,,,0,0,,2,0,,,
1,119 - Got fare,Preset,4/12/22 15:56,1205,194,693,7105,710506,1,31155,,Outbound,,,,PRE,,0,0,0,0,,,,,0,0,,2,0,,,
1,119 - Got fare,Preset,4/12/22 15:56,1205,194,693,7105,710506,1,31155,,Outbound,,,,PRE,,0,0,0,0,,,,,0,0,,2,0,,,
1,119 - Got fare,UC/Gryhd,4/12/22 15:58,2226,638,693,3501,350109,1,31231,,Inbound,,,,1,,0,0,0,0,,,,,0,0,,0,0,,,
1,119 - Got fare,Preset,4/12/22 15:59,2226,638,693,3501,350109,1,31231,,Inbound,,,,PRE,,0,0,0,0,,,,,0,0,,2,0,,,
1,119 - Got fare,REDUCED,4/12/22 16:00,1208,388,693,7102,710207,1,31176,,Inbound,,,,,16,6,16,0,0,,,,,0,0,,1,0,,,
1,119 - Got fare,Preset,4/12/22 16:03,1205,194,693,7105,710506,1,31155,,Outbound,,,,PRE,,0,0,0,0,,,,,0,0,,2,0,,,
1,119 - Got fare,Preset,4/12/22 16:03,1205,194,693,7105,710506,1,31155,,Outbound,,,,PRE,,0,0,0,0,,,,,0,0,,2,0,,,
1,119 - Got fare,CABRILLO,4/12/22 16:13,2226,638,693,3501,350109,1,31231,,Inbound,,,,7,,0,0,0,0,,,,,0,0,,0,0,,,
1,119 - Got fare,CABRILLO,4/12/22 16:13,2226,638,693,3501,350109,1,31231,,Inbound,,,,7,,0,0,0,0,,,,,0,0,,0,0,,,
1,119 - Got fare,FREE,4/12/22 16:14,2226,638,693,3501,350109,1,31231,,Inbound,,,,D,,0,0,0,0,,,,,0,0,,0,0,,,
1,119 - Got fare,Preset,4/12/22 16:15,1205,194,693,7105,710506,1,31155,,Outbound,,,,PRE,,0,0,0,0,,,,,0,0,,2,0,,,
1,119 - Got fare,CABRILLO,4/12/22 16:15,1205,194,693,7105,710506,1,31155,,Outbound,,,,7,,0,0,0,0,,,,,0,0,,0,0,,,
1,119 - Got fare,REDUCED,4/12/22 16:15,1205,194,693,7105,710506,1,31155,,Outbound,,,,,16,6,16,0,0,,,,,0,0,,1,0,,,
1,119 - Got fare,Preset,4/12/22 16:15,2226,638,693,3501,350109,1,31231,,Inbound,,,,PRE,,0,0,0,0,,,,,0,0,,2,0,,,
1,119 - Got fare,Preset,4/12/22 16:18,1205,194,693,7105,710506,1,31155,,Outbound,,,,PRE,,0,0,0,0,,,,,0,0,,2,0,,,
1,119 - Got fare,Preset,4/12/22 16:21,2226,638,693,3501,350109,1,31231,,Inbound,,,,PRE,,0,0,0,0,,,,,0,0,,2,0,,,
1,119 - Got fare,WHEELCHR,4/12/22 16:25,2226,638,693,3501,350109,1,31231,,Inbound,,,,5,,0,0,0,0,,,,,0,0,,0,0,,,
1,115 - Period pass,31D DISC,4/12/22 16:25,2226,638,693,3501,350109,1,31231,,Inbound,,,Seq #: 6627773,,8,1,5,123,5,,No,0,1,0,0,,0,0,,,
1,119 - Got fare,UC STAFF,4/12/22 16:27,2226,638,693,3501,350109,1,31231,,Inbound,,,,2,,0,0,0,0,,,,,0,0,,0,0,,,
1,119 - Got fare,WHEELCHR,4/12/22 16:28,1208,388,693,7102,710208,1,31176,,Outbound,,,,5,,0,0,0,0,,,,,0,0,,0,0,,,
1,115 - Period pass,31D DISC,4/12/22 16:28,1208,388,693,7102,710208,1,31176,,Outbound,,,Card ID 3425258,,8,1,5,123,5,,No,0,5,0,0,,0,0,,,
1,119 - Got fare,EMPLOYEE,4/12/22 16:30,1208,388,693,7102,710208,1,31176,,Outbound,,,,3,,0,0,0,0,,,,,0,0,,0,0,,,
1,119 - Got fare,EMPLOYEE,4/12/22 16:30,1208,388,693,7102,710208,1,31176,,Outbound,,,,3,,0,0,0,0,,,,,0,0,,0,0,,,
1,119 - Got fare,Preset,4/12/22 16:30,1208,388,693,7102,710208,1,31176,,Outbound,,,,PRE,,0,0,0,0,,,,,0,0,,2,0,,,
1,119 - Got fare,Preset,4/12/22 16:30,1208,388,693,7102,710208,1,31176,,Outbound,,,,PRE,,0,0,0,0,,,,,0,0,,2,0,,,
1,119 - Got fare,UC STAFF,4/12/22 16:30,1208,388,693,7102,710208,1,31176,,Outbound,,,,2,,0,0,0,0,,,,,0,0,,0,0,,,
1,115 - Period pass,DAY PASS,4/12/22 16:30,1208,388,693,7102,710208,1,31176,,Outbound,,,Seq #: 10062972,,2,1,28,123,14,,No,0,1,0,0,,0,0,,,
1,119 - Got fare,UC STAFF,4/12/22 16:30,1208,388,693,7102,710208,1,31176,,Outbound,,,,2,,0,0,0,0,,,,,0,0,,0,0,,,
1,119 - Got fare,UC/Gryhd,4/12/22 16:30,1208,388,693,7102,710208,1,31176,,Outbound,,,,1,,0,0,0,0,,,,,0,0,,0,0,,,
1,119 - Got fare,UC/Gryhd,4/12/22 16:31,1208,388,693,7102,710208,1,31176,,Outbound,,,,1,,0,0,0,0,,,,,0,0,,0,0,,,
1,115 - Period pass,31D DISC,4/12/22 16:31,1208,388,693,7102,710208,1,31176,,Outbound,,,Seq #: 6628403,,8,1,5,123,5,,No,0,1,0,0,,0,0,,,
1,119 - Got fare,UC/Gryhd,4/12/22 16:31,1208,388,693,7102,710208,1,31176,,Outbound,,,,1,,0,0,0,0,,,,,0,0,,0,0,,,
1,119 - Got fare,UC/Gryhd,4/12/22 16:31,1208,388,693,7102,710208,1,31176,,Outbound,,,,1,,0,0,0,0,,,,,0,0,,0,0,,,
1,119 - Got fare,UC/Gryhd,4/12/22 16:31,1208,388,693,7102,710208,1,31176,,Outbound,,,,1,,0,0,0,0,,,,,0,0,,0,0,,,
1,119 - Got fare,UC/Gryhd,4/12/22 16:31,1208,388,693,7102,710208,1,31176,,Outbound,,,,1,,0,0,0,0,,,,,0,0,,0,0,,,
1,115 - Period pass,DAY PASS,4/12/22 16:31,1208,388,693,7102,710208,1,31176,,Outbound,,,Seq #: 1238460,,2,1,28,123,14,,No,0,1,0,0,,0,0,,,
1,119 - Got fare,UC/Gryhd,4/12/22 16:31,1208,388,693,7102,710208,1,31176,,Outbound,,,,1,,0,0,0,0,,,,,0,0,,0,0,,,
1,115 - Period pass,31D LOC,4/12/22 16:31,1208,388,693,7102,710208,1,31176,,Outbound,,,Seq #: 6688942,,7,1,4,123,5,,No,0,1,0,0,,0,0,,,
1,119 - Got fare,REDUCED,4/12/22 16:32,2226,638,693,3501,350109,1,31231,,Inbound,,,,,16,6,16,0,0,,,,,0,0,,1,0,,,
1,119 - Got fare,Mble Tic,4/12/22 16:32,2226,638,693,3501,350109,1,31231,,Inbound,,,,C,,0,0,0,0,,,,,0,0,,0,0,,,
1,119 - Got fare,Mble Tic,4/12/22 16:34,1208,388,693,7102,710208,1,31176,,Outbound,,,,C,,0,0,0,0,,,,,0,0,,0,0,,,
1,119 - Got fare,UC STAFF,4/12/22 16:34,1208,388,693,7102,710208,1,31176,,Outbound,,,,2,,0,0,0,0,,,,,0,0,,0,0,,,
1,119 - Got fare,REDUCED,4/12/22 16:36,2226,638,693,3501,350109,1,31231,,Inbound,,,,,16,6,16,0,0,,,,,0,0,,1,0,,,
1,119 - Got fare,Preset,4/12/22 16:36,1208,388,693,7102,710208,1,31176,,Outbound,,,,PRE,,0,0,0,0,,,,,0,0,,2,0,,,
1,115 - Period pass,CITY EMP,4/12/22 16:38,2226,638,693,3501,350109,1,31231,,Inbound,,,Card ID 3411213,,29,1,22,123,5,,No,0,5,0,0,,0,0,,,
1,115 - Period pass,DISC DAY,4/12/22 16:40,1208,388,693,7102,710208,1,31176,,Outbound,,,Seq #: 1334969,,3,1,29,123,14,,No,0,1,0,0,,0,0,,,
1,119 - Got fare,Preset,4/12/22 16:42,2226,638,693,3501,350109,1,31231,,Inbound,,,,PRE,,0,0,0,0,,,,,0,0,,2,0,,,
1,119 - Got fare,BICYCLE,4/12/22 16:42,1208,388,693,7102,710208,1,31176,,Outbound,,,,8,,0,0,0,0,,,,,0,0,,0,0,,,
1,119 - Got fare,UC/Gryhd,4/12/22 16:42,1208,388,693,7102,710208,1,31176,,Outbound,,,,1,,0,0,0,0,,,,,0,0,,0,0,,,
1,119 - Got fare,Mble Tic,4/12/22 16:42,1208,388,693,7102,710208,1,31176,,Outbound,,,,C,,0,0,0,0,,,,,0,0,,0,0,,,
1,119 - Got fare,Preset,4/12/22 16:43,2226,638,693,3501,350109,1,31231,,Inbound,,,,PRE,,0,0,0,0,,,,,0,0,,2,0,,,
1,119 - Got fare,BICYCLE,4/12/22 16:43,1208,388,693,7102,710208,1,31176,,Outbound,,,,8,,0,0,0,0,,,,,0,0,,0,0,,,
1,115 - Period pass,DAY PASS,4/12/22 16:45,1208,388,693,7102,710208,1,31176,,Outbound,,,Seq #: 3380463,,2,1,28,123,5,,Yes,0,1,0,0,,0,0,,,
1,119 - Got fare,Mble Tic,4/12/22 16:45,1208,388,693,7102,710208,1,31176,,Outbound,,,,C,,0,0,0,0,,,,,0,0,,0,0,,,
1,116 - Stored value card,ST VALUE,4/12/22 16:49,1208,388,693,7102,710208,1,31176,,Outbound,,,Card ID 87266702,,14,3,1,123,0,No,No,,,0,0,0,-2,0,6,,
1,119 - Got fare,Preset,4/12/22 16:49,1208,388,693,7102,710208,1,31176,,Outbound,,,,PRE,,0,0,0,0,,,,,0,0,,2,0,,,
1,119 - Got fare,UC/Gryhd,4/12/22 16:49,2226,638,693,3501,350109,1,31231,,Inbound,,,,1,,0,0,0,0,,,,,0,0,,0,0,,,
1,115 - Period pass,DAY PASS,4/12/22 16:58,320,602,693,7110,711002,1,0,,Inbound,,,Seq #: 1237290,,2,1,28,123,14,,No,0,1,0,0,,0,0,,,
1,115 - Period pass,31D DISC,4/12/22 16:59,320,602,693,7110,711002,1,0,,Inbound,,,Card ID 3410051,,8,1,5,123,5,,No,0,5,0,0,,0,0,,,
1,119 - Got fare,Mble Tic,4/12/22 16:59,320,602,693,7110,711002,1,0,,Inbound,,,,C,,0,0,0,0,,,,,0,0,,0,0,,,
1,119 - Got fare,FREE,4/12/22 17:01,320,602,693,7110,711002,1,0,,Inbound,,,,D,,0,0,0,0,,,,,0,0,,0,0,,,
1,119 - Got fare,Preset,4/12/22 17:02,1208,388,693,7102,710208,1,31176,,Outbound,,,,PRE,,0,0,0,0,,,,,0,0,,2,0,,,
1,119 - Got fare,MST XFER,4/12/22 17:02,1208,388,693,7102,710208,1,31176,,Outbound,,,,A,,0,0,0,0,,,,,0,0,,0,0,,,
1,119 - Got fare,MST XFER,4/12/22 17:02,1208,388,693,7102,710208,1,31176,,Outbound,,,,A,,0,0,0,0,,,,,0,0,,0,0,,,
1,119 - Got fare,Preset,4/12/22 17:02,1208,388,693,7102,710208,1,31176,,Outbound,,,,PRE,,0,0,0,0,,,,,0,0,,2,0,,,
1,119 - Got fare,UC/Gryhd,4/12/22 17:02,1208,388,693,7102,710208,1,31176,,Outbound,,,,1,,0,0,0,0,,,,,0,0,,0,0,,,
1,119 - Got fare,CABRILLO,4/12/22 17:02,1208,388,693,7102,710208,1,31176,,Outbound,,,,7,,0,0,0,0,,,,,0,0,,0,0,,,
1,115 - Period pass,31D DISC,4/12/22 17:03,1208,388,693,7102,710208,1,31176,,Outbound,,,Card ID 3400063,,8,1,5,123,0,,No,0,5,0,0,,0,0,,,
1,119 - Got fare,DUMP,4/12/22 17:06,320,602,693,7110,711002,1,0,,Inbound,,,,DMP,,0,0,0,0,,,,,0,0,,1,0,,,
1,119 - Got fare,Preset,4/12/22 17:08,1208,388,693,7102,710208,1,31176,,Outbound,,,,PRE,,0,0,0,0,,,,,0,0,,2,0,,,
1,119 - Got fare,Preset,4/12/22 17:14,1208,388,693,7102,710208,1,31176,,Outbound,,,,PRE,,0,0,0,0,,,,,0,0,,2,0,,,
1,115 - Period pass,31D DISC,4/12/22 17:18,320,602,693,7110,711002,1,0,,Inbound,,,Card ID 3358741,,8,1,5,123,0,,No,0,5,0,0,,0,0,,,
1,119 - Got fare,Preset,4/12/22 17:19,320,602,693,7110,711002,1,0,,Inbound,,,,PRE,,0,0,0,0,,,,,0,0,,2,0,,,
1,115 - Period pass,31D LOC,4/12/22 17:19,320,602,693,7110,711002,1,0,,Inbound,,,Seq #: 6627538,,7,1,4,123,5,,No,0,1,0,0,,0,0,,,
1,119 - Got fare,UC/Gryhd,4/12/22 17:20,320,602,693,7110,711002,1,0,,Inbound,,,,1,,0,0,0,0,,,,,0,0,,0,0,,,
1,119 - Got fare,CABRILLO,4/12/22 17:22,1208,388,693,7102,710208,1,31176,,Outbound,,,,7,,0,0,0,0,,,,,0,0,,0,0,,,
1,119 - Got fare,CABRILLO,4/12/22 17:22,1208,388,693,7102,710208,1,31176,,Outbound,,,,7,,0,0,0,0,,,,,0,0,,0,0,,,
1,119 - Got fare,Preset,4/12/22 17:22,320,602,693,7110,711002,1,0,,Inbound,,,,PRE,,0,0,0,0,,,,,0,0,,2,0,,,
1,119 - Got fare,CABRILLO,4/12/22 17:22,320,602,693,7110,711002,1,0,,Inbound,,,,7,,0,0,0,0,,,,,0,0,,0,0,,,
1,119 - Got fare,Preset,4/12/22 17:22,1208,388,693,7102,710208,1,31176,,Outbound,,,,PRE,,0,0,0,0,,,,,0,0,,2,0,,,
1,119 - Got fare,CABRILLO,4/12/22 17:22,320,602,693,7110,711002,1,0,,Inbound,,,,7,,0,0,0,0,,,,,0,0,,0,0,,,
1,119 - Got fare,Preset,4/12/22 17:25,1208,388,693,7102,710208,1,31176,,Outbound,,,,PRE,,0,0,0,0,,,,,0,0,,2,0,,,
1,119 - Got fare,EMPLOYEE,4/12/22 17:26,320,602,693,7110,711002,1,0,,Inbound,,,,3,,0,0,0,0,,,,,0,0,,0,0,,,
1,119 - Got fare,Preset,4/12/22 17:31,1204,571,693,6904,690405,1,31169,,Outbound,,,,PRE,,0,0,0,0,,,,,0,0,,2,0,,,
1,119 - Got fare,Preset,4/12/22 17:31,1204,571,693,6904,690405,1,31169,,Outbound,,,,PRE,,0,0,0,0,,,,,0,0,,2,0,,,
1,119 - Got fare,Mble Tic,4/12/22 17:31,1204,571,693,6904,690405,1,31169,,Outbound,,,,C,,0,0,0,0,,,,,0,0,,0,0,,,
1,119 - Got fare,UC/Gryhd,4/12/22 17:32,1204,571,693,6904,690405,1,31169,,Outbound,,,,1,,0,0,0,0,,,,,0,0,,0,0,,,
1,119 - Got fare,REDUCED,4/12/22 17:32,1204,571,693,6904,690405,1,31169,,Outbound,,,,,16,6,16,0,0,,,,,0,0,,1,0,,,
1,119 - Got fare,Preset,4/12/22 17:32,1204,571,693,6904,690405,1,31169,,Outbound,,,,PRE,,0,0,0,0,,,,,0,0,,2,0,,,
1,119 - Got fare,UC/Gryhd,4/12/22 17:32,1204,571,693,6904,690405,1,31169,,Outbound,,,,1,,0,0,0,0,,,,,0,0,,0,0,,,
1,119 - Got fare,UC/Gryhd,4/12/22 17:32,1204,571,693,6904,690405,1,31169,,Outbound,,,,1,,0,0,0,0,,,,,0,0,,0,0,,,
1,119 - Got fare,UC/Gryhd,4/12/22 17:32,1204,571,693,6904,690405,1,31169,,Outbound,,,,1,,0,0,0,0,,,,,0,0,,0,0,,,
1,119 - Got fare,Preset,4/12/22 17:32,1204,571,693,6904,690405,1,31169,,Outbound,,,,PRE,,0,0,0,0,,,,,0,0,,2,0,,,
1,115 - Period pass,DISC DAY,4/12/22 17:32,1204,571,693,6904,690405,1,31169,,Outbound,,,Seq #: 10046287,,3,1,29,123,14,,No,0,1,0,0,,0,0,,,
1,119 - Got fare,EMERGNCY,4/12/22 17:33,1204,571,693,6904,690405,1,31169,,Outbound,,,,9,,0,0,0,0,,,,,0,0,,0,0,,,
1,119 - Got fare,EMERGNCY,4/12/22 17:35,1204,571,693,6904,690405,1,31169,,Outbound,,,,9,,0,0,0,0,,,,,0,0,,0,0,,,
1,119 - Got fare,MST XFER,4/12/22 17:36,1204,571,693,6904,690405,1,31169,,Outbound,,,,A,,0,0,0,0,,,,,0,0,,0,0,,,
1,119 - Got fare,EMERGNCY,4/12/22 17:37,1204,571,693,6904,690405,1,31169,,Outbound,,,,9,,0,0,0,0,,,,,0,0,,0,0,,,
1,115 - Period pass,DAY PASS,4/12/22 17:37,1204,571,693,6904,690405,1,31169,,Outbound,,,Seq #: 1233603,,2,1,28,123,14,,Yes,0,1,0,0,,0,0,,,
1,119 - Got fare,EMERGNCY,4/12/22 17:37,1204,571,693,6904,690405,1,31169,,Outbound,,,,9,,0,0,0,0,,,,,0,0,,0,0,,,
1,115 - Period pass,DAY PASS,4/12/22 17:37,1204,571,693,6904,690405,1,31169,,Outbound,,,Seq #: 1233604,,2,1,28,123,14,,Yes,0,1,0,0,,0,0,,,
1,119 - Got fare,UC/Gryhd,4/12/22 17:38,320,602,693,7110,711002,1,0,,Inbound,,,,1,,0,0,0,0,,,,,0,0,,0,0,,,
1,119 - Got fare,BICYCLE,4/12/22 17:38,320,602,693,7110,711002,1,0,,Inbound,,,,8,,0,0,0,0,,,,,0,0,,0,0,,,
1,119 - Got fare,BICYCLE,4/12/22 17:39,320,602,693,7110,711002,1,0,,Inbound,,,,8,,0,0,0,0,,,,,0,0,,0,0,,,
1,115 - Period pass,DAY PASS,4/12/22 17:40,320,602,693,7110,711002,1,0,,Inbound,,,Seq #: 3418453,,2,1,28,123,5,,No,0,1,0,0,,0,0,,,
1,119 - Got fare,REDUCED,4/12/22 17:42,320,602,693,7110,711002,1,0,,Inbound,,,,,16,6,16,0,0,,,,,0,0,,1,0,,,
1,119 - Got fare,Preset,4/12/22 17:42,1204,571,693,6904,690405,1,31169,,Outbound,,,,PRE,,0,0,0,0,,,,,0,0,,2,0,,,
1,119 - Got fare,Preset,4/12/22 17:43,320,602,693,7110,711002,1,0,,Inbound,,,,PRE,,0,0,0,0,,,,,0,0,,2,0,,,
1,115 - Period pass,DISC DAY,4/12/22 17:51,320,602,693,7110,711002,1,0,,Inbound,,,Seq #: 3388274,,3,1,29,123,5,,No,0,1,0,0,,0,0,,,
1,119 - Got fare,Mble Tic,4/12/22 17:53,1204,571,693,6904,690405,1,31169,,Outbound,,,,C,,0,0,0,0,,,,,0,0,,0,0,,,
1,119 - Got fare,Mble Tic,4/12/22 17:53,1204,571,693,6904,690405,1,31169,,Outbound,,,,C,,0,0,0,0,,,,,0,0,,0,0,,,
1,119 - Got fare,Preset,4/12/22 17:55,1208,388,693,7102,710209,1,31176,,Inbound,,,,PRE,,0,0,0,0,,,,,0,0,,2,0,,,
1,119 - Got fare,BICYCLE,4/12/22 17:55,1208,388,693,7102,710209,1,31176,,Inbound,,,,8,,0,0,0,0,,,,,0,0,,0,0,,,
1,119 - Got fare,REDUCED,4/12/22 17:55,320,602,693,7110,711002,1,0,,Inbound,,,,,16,6,16,0,0,,,,,0,0,,1,0,,,
1,119 - Got fare,FREE,4/12/22 17:55,1204,571,693,6904,690405,1,31169,,Outbound,,,,D,,0,0,0,0,,,,,0,0,,0,0,,,
1,115 - Period pass,31D LOC,4/12/22 17:56,1204,571,693,6904,690405,1,31169,,Outbound,,,Card ID 3425212,,7,1,4,123,5,,No,0,5,0,0,,0,0,,,
1,119 - Got fare,Preset,4/12/22 17:59,1208,388,693,7102,710209,1,31176,,Inbound,,,,PRE,,0,0,0,0,,,,,0,0,,2,0,,,
1,119 - Got fare,MST XFER,4/12/22 18:00,1204,571,693,6904,690405,1,31169,,Outbound,,,,A,,0,0,0,0,,,,,0,0,,0,0,,,
1,118 - Transfer received,MST XFER,4/12/22 18:00,1204,571,693,6904,690405,1,31169,1204,Outbound,O,,Seq #: 26586,,41,0,31,123,14,No,,,,0,0,0,0,0,,,
1,119 - Got fare,FREE,4/12/22 18:00,1204,571,693,6904,690405,1,31169,,Outbound,,,,D,,0,0,0,0,,,,,0,0,,0,0,,,
1,115 - Period pass,31D LOC,4/12/22 18:01,1204,571,693,6904,690405,1,31169,,Outbound,,,Seq #: 6689033,,7,1,4,123,5,,No,0,1,0,0,,0,0,,,
1,115 - Period pass,DAY PASS,4/12/22 18:01,1204,571,693,6904,690405,1,31169,,Outbound,,,Seq #: 1332844,,2,1,28,123,14,,No,0,1,0,0,,0,0,,,
1,115 - Period pass,31D DISC,4/12/22 18:03,1208,388,693,7102,710209,1,31176,,Inbound,,,Card ID 3411036,,8,1,5,123,5,,No,0,5,0,0,,0,0,,,
1,115 - Period pass,31D DISC,4/12/22 18:04,1208,388,693,7102,710209,1,31176,,Inbound,,,Card ID 3410280,,8,1,5,123,5,,No,0,5,0,0,,0,0,,,
1,119 - Got fare,REDUCED,4/12/22 18:04,1208,388,693,7102,710209,1,31176,,Inbound,,,,,16,6,16,0,0,,,,,0,0,,1,0,,,
1,119 - Got fare,UC/Gryhd,4/12/22 18:04,1208,388,693,7102,710209,1,31176,,Inbound,,,,1,,0,0,0,0,,,,,0,0,,0,0,,,
1,119 - Got fare,REDUCED,4/12/22 18:06,1204,571,693,6904,690405,1,31169,,Outbound,,,,,16,6,16,0,0,,,,,0,0,,1,0,,,
1,119 - Got fare,UC/Gryhd,4/12/22 18:14,1204,571,693,6904,690405,1,31169,,Outbound,,,,1,,0,0,0,0,,,,,0,0,,0,0,,,
1,119 - Got fare,Preset,4/12/22 18:16,1208,388,693,7102,710209,1,31176,,Inbound,,,,PRE,,0,0,0,0,,,,,0,0,,2,0,,,
1,119 - Got fare,UC STAFF,4/12/22 18:28,1208,388,693,7102,710209,1,31176,,Inbound,,,,2,,0,0,0,0,,,,,0,0,,0,0,,,
1,119 - Got fare,Preset,4/12/22 18:28,1208,388,693,7102,710209,1,31176,,Inbound,,,,PRE,,0,0,0,0,,,,,0,0,,2,0,,,
1,119 - Got fare,Preset,4/12/22 18:28,1208,388,693,7102,710209,1,31176,,Inbound,,,,PRE,,0,0,0,0,,,,,0,0,,2,0,,,
1,119 - Got fare,UC/Gryhd,4/12/22 18:28,1208,388,693,7102,710209,1,31176,,Inbound,,,,1,,0,0,0,0,,,,,0,0,,0,0,,,
1,115 - Period pass,DAY PASS,4/12/22 18:29,1208,388,693,7102,710209,1,31176,,Inbound,,,Seq #: 1233600,,2,1,28,123,14,,No,0,1,0,0,,0,0,,,
1,119 - Got fare,Preset,4/12/22 18:34,1203,542,693,6903,690310,1,31186,,Outbound,,,,PRE,,0,0,0,0,,,,,0,0,,2,0,,,
1,115 - Period pass,31D HW17,4/12/22 18:34,1203,542,693,6903,690310,1,31186,,Outbound,,,Seq #: 6688911,,10,1,7,123,5,,No,0,1,0,0,,0,0,,,
1,115 - Period pass,31D DISC,4/12/22 18:34,1203,542,693,6903,690310,1,31186,,Outbound,,,Card ID 3410895,,8,1,5,123,5,,No,0,5,0,0,,0,0,,,
1,115 - Period pass,31D DISC,4/12/22 18:34,1208,388,693,7102,710209,1,31176,,Inbound,,,Seq #: 6628403,,8,1,5,123,5,,No,0,1,0,0,,0,0,,,
1,115 - Period pass,31D LOC,4/12/22 18:34,1203,542,693,6903,690310,1,31186,,Outbound,,,Seq #: 6816111,,7,1,4,123,5,,No,0,1,0,0,,0,0,,,
1,115 - Period pass,DAY PASS,4/12/22 18:35,1203,542,693,6903,690310,1,31186,,Outbound,,,Seq #: 3422559,,2,1,28,123,5,,No,0,1,0,0,,0,0,,,
1,119 - Got fare,EMPLOYEE,4/12/22 18:35,1203,542,693,6903,690310,1,31186,,Outbound,,,,3,,0,0,0,0,,,,,0,0,,0,0,,,
1,119 - Got fare,WHEELCHR,4/12/22 18:36,1203,542,693,6903,690310,1,31186,,Outbound,,,,5,,0,0,0,0,,,,,0,0,,0,0,,,
1,119 - Got fare,DUMP,4/12/22 18:37,1203,542,693,6903,690310,1,31186,,Outbound,,,,DMP,,0,0,0,0,,,,,0,0,,1,0,,,
1,119 - Got fare,UC/Gryhd,4/12/22 18:38,1203,542,693,6903,690310,1,31186,,Outbound,,,,1,,0,0,0,0,,,,,0,0,,0,0,,,
1,115 - Period pass,DISC DAY,4/12/22 18:40,1203,542,693,6903,690310,1,31186,,Outbound,,,Seq #: 1950501,,3,1,29,123,14,,No,0,1,0,0,,0,0,,,
1,115 - Period pass,CITY EMP,4/12/22 18:41,1203,542,693,6903,690310,1,31186,,Outbound,,,Card ID 3411271,,29,1,22,123,5,,No,0,5,0,0,,0,0,,,
1,119 - Got fare,DUMP,4/12/22 18:41,1203,542,693,6903,690310,1,31186,,Outbound,,,,DMP,,0,0,0,0,,,,,0,0,,1,0,,,
1,115 - Period pass,31D LOC,4/12/22 18:42,1203,542,693,6903,690310,1,31186,,Outbound,,,Seq #: 3376850,,7,1,4,123,5,,No,0,1,0,0,,0,0,,,
1,115 - Period pass,31D LOC,4/12/22 18:45,1203,542,693,6903,690310,1,31186,,Outbound,,,Card ID 3410946,,7,1,4,123,5,,No,0,5,0,0,,0,0,,,
1,119 - Got fare,Preset,4/12/22 18:52,1203,542,693,6903,690310,1,31186,,Outbound,,,,PRE,,0,0,0,0,,,,,0,0,,2,0,,,
1,116 - Stored value card,ST VALUE,4/12/22 18:52,1203,542,693,6903,690310,1,31186,,Outbound,,,Card ID 87266702,,14,3,1,123,0,No,No,,,0,0,0,-2,0,4,,
1,115 - Period pass,31D DISC,4/12/22 18:54,1203,542,693,6903,690310,1,31186,,Outbound,,,Seq #: 6816080,,8,1,5,123,5,,No,0,1,0,0,,0,0,,,
1,119 - Got fare,WHEELCHR,4/12/22 18:58,1203,542,693,6903,690310,1,31186,,Outbound,,,,5,,0,0,0,0,,,,,0,0,,0,0,,,
1,115 - Period pass,31D DISC,4/12/22 18:58,1204,571,693,6904,690406,1,31169,,Inbound,,,Card ID 3409905,,8,1,5,123,5,,No,0,5,0,0,,0,0,,,
1,115 - Period pass,31D DISC,4/12/22 18:58,1203,542,693,6903,690310,1,31186,,Outbound,,,Seq #: 6627773,,8,1,5,123,5,,No,0,1,0,0,,0,0,,,
1,118 - Transfer received,MST XFER,4/12/22 18:58,1204,571,693,6904,690406,1,31169,1741,Inbound,I,,Seq #: 13263,,41,0,31,456,14,No,,,,0,0,0,0,0,,,
1,119 - Got fare,CABRILLO,4/12/22 19:00,1203,542,693,6903,690310,1,31186,,Outbound,,,,7,,0,0,0,0,,,,,0,0,,0,0,,,
1,115 - Period pass,31D DISC,4/12/22 19:00,1203,542,693,6903,690310,1,31186,,Outbound,,,Seq #: 6689051,,8,1,5,123,5,,No,0,1,0,0,,0,0,,,
1,115 - Period pass,31D DISC,4/12/22 19:06,1203,542,693,6903,690310,1,31186,,Outbound,,,Card ID 3409561,,8,1,5,123,5,,No,0,5,0,0,,0,0,,,
1,119 - Got fare,FREE,4/12/22 19:27,1204,571,693,6904,690406,1,31169,,Inbound,,,,D,,0,0,0,0,,,,,0,0,,0,0,,,
1,119 - Got fare,EMPLOYEE,4/12/22 19:27,1204,571,693,6904,690406,1,31169,,Inbound,,,,3,,0,0,0,0,,,,,0,0,,0,0,,,
1,119 - Got fare,UC/Gryhd,4/12/22 19:27,1204,571,693,6904,690406,1,31169,,Inbound,,,,1,,0,0,0,0,,,,,0,0,,0,0,,,
1,119 - Got fare,UC/Gryhd,4/12/22 19:27,1204,571,693,6904,690406,1,31169,,Inbound,,,,1,,0,0,0,0,,,,,0,0,,0,0,,,
1,119 - Got fare,UC/Gryhd,4/12/22 19:27,1204,571,693,6904,690406,1,31169,,Inbound,,,,1,,0,0,0,0,,,,,0,0,,0,0,,,
1,119 - Got fare,UC/Gryhd,4/12/22 19:27,1204,571,693,6904,690406,1,31169,,Inbound,,,,1,,0,0,0,0,,,,,0,0,,0,0,,,
1,119 - Got fare,UC/Gryhd,4/12/22 19:27,1204,571,693,6904,690406,1,31169,,Inbound,,,,1,,0,0,0,0,,,,,0,0,,0,0,,,
1,119 - Got fare,Preset,4/12/22 19:27,1204,571,693,6904,690406,1,31169,,Inbound,,,,PRE,,0,0,0,0,,,,,0,0,,2,0,,,
1,119 - Got fare,Preset,4/12/22 19:27,1204,571,693,6904,690406,1,31169,,Inbound,,,,PRE,,0,0,0,0,,,,,0,0,,2,0,,,
1,119 - Got fare,UC STAFF,4/12/22 19:27,1204,571,693,6904,690406,1,31169,,Inbound,,,,2,,0,0,0,0,,,,,0,0,,0,0,,,
1,115 - Period pass,31D LOC,4/12/22 19:27,1204,571,693,6904,690406,1,31169,,Inbound,,,Seq #: 6628624,,7,1,4,123,5,,No,0,1,0,0,,0,0,,,
1,119 - Got fare,UC/Gryhd,4/12/22 19:28,1204,571,693,6904,690406,1,31169,,Inbound,,,,1,,0,0,0,0,,,,,0,0,,0,0,,,
1,115 - Period pass,DAY PASS,4/12/22 19:28,1204,571,693,6904,690406,1,31169,,Inbound,,,Seq #: 1232469,,2,1,28,123,14,,No,0,1,0,0,,0,0,,,
1,115 - Period pass,31D LOC,4/12/22 19:28,1204,571,693,6904,690406,1,31169,,Inbound,,,Seq #: 6628726,,7,1,4,123,5,,No,0,1,0,0,,0,0,,,
1,119 - Got fare,DUMP,4/12/22 19:28,1203,542,693,6903,690310,1,31186,,Outbound,,,,DMP,,0,0,0,0,,,,,0,0,,1,0,,,
1,119 - Got fare,UC/Gryhd,4/12/22 19:30,1204,571,693,6904,690406,1,31169,,Inbound,,,,1,,0,0,0,0,,,,,0,0,,0,0,,,
1,119 - Got fare,Mble Tic,4/12/22 19:33,1301,685,693,4201,420103,1,31175,,Outbound,,,,C,,0,0,0,0,,,,,0,0,,0,0,,,
1,119 - Got fare,UC/Gryhd,4/12/22 19:33,1301,685,693,4201,420103,1,31175,,Outbound,,,,1,,0,0,0,0,,,,,0,0,,0,0,,,
1,119 - Got fare,UC/Gryhd,4/12/22 19:33,1301,685,693,4201,420103,1,31175,,Outbound,,,,1,,0,0,0,0,,,,,0,0,,0,0,,,
1,119 - Got fare,UC/Gryhd,4/12/22 19:33,1301,685,693,4201,420103,1,31175,,Outbound,,,,1,,0,0,0,0,,,,,0,0,,0,0,,,
1,115 - Period pass,31D DISC,4/12/22 19:33,1301,685,693,4201,420103,1,31175,,Outbound,,,Seq #: 6627927,,8,1,5,123,5,,No,0,1,0,0,,0,0,,,
1,119 - Got fare,UC/Gryhd,4/12/22 19:33,1301,685,693,4201,420103,1,31175,,Outbound,,,,1,,0,0,0,0,,,,,0,0,,0,0,,,
1,119 - Got fare,Preset,4/12/22 19:33,1301,685,693,4201,420103,1,31175,,Outbound,,,,PRE,,0,0,0,0,,,,,0,0,,2,0,,,
1,119 - Got fare,Preset,4/12/22 19:34,1301,685,693,4201,420103,1,31175,,Outbound,,,,PRE,,0,0,0,0,,,,,0,0,,2,0,,,
1,119 - Got fare,Preset,4/12/22 19:40,1301,685,693,4201,420103,1,31175,,Outbound,,,,PRE,,0,0,0,0,,,,,0,0,,2,0,,,
1,119 - Got fare,Preset,4/12/22 19:44,1301,685,693,4201,420103,1,31175,,Outbound,,,,PRE,,0,0,0,0,,,,,0,0,,2,0,,,
1,119 - Got fare,BICYCLE,4/12/22 19:44,1301,685,693,4201,420103,1,31175,,Outbound,,,,8,,0,0,0,0,,,,,0,0,,0,0,,,
1,119 - Got fare,Preset,4/12/22 19:48,1203,542,693,6903,690311,1,31186,,Inbound,,,,PRE,,0,0,0,0,,,,,0,0,,2,0,,,
1,119 - Got fare,Preset,4/12/22 19:48,1203,542,693,6903,690311,1,31186,,Inbound,,,,PRE,,0,0,0,0,,,,,0,0,,2,0,,,
1,119 - Got fare,FREE,4/12/22 19:49,1203,542,693,6903,690311,1,31186,,Inbound,,,,D,,0,0,0,0,,,,,0,0,,0,0,,,
1,119 - Got fare,FREE,4/12/22 19:49,1203,542,693,6903,690311,1,31186,,Inbound,,,,D,,0,0,0,0,,,,,0,0,,0,0,,,
1,115 - Period pass,DAY PASS,4/12/22 19:49,1203,542,693,6903,690311,1,31186,,Inbound,,,Seq #: 3387751,,2,1,28,123,5,,No,0,1,0,0,,0,0,,,
1,115 - Period pass,DAY PASS,4/12/22 19:49,1203,542,693,6903,690311,1,31186,,Inbound,,,Seq #: 3387760,,2,1,28,123,5,,No,0,1,0,0,,0,0,,,
1,119 - Got fare,BICYCLE,4/12/22 19:53,1203,542,693,6903,690311,1,31186,,Inbound,,,,8,,0,0,0,0,,,,,0,0,,0,0,,,
1,119 - Got fare,Preset,4/12/22 19:54,1203,542,693,6903,690311,1,31186,,Inbound,,,,PRE,,0,0,0,0,,,,,0,0,,2,0,,,
1,119 - Got fare,Mble Tic,4/12/22 19:54,1301,685,693,4201,420103,1,31175,,Outbound,,,,C,,0,0,0,0,,,,,0,0,,0,0,,,
1,119 - Got fare,REDUCED,4/12/22 19:54,1301,685,693,4201,420103,1,31175,,Outbound,,,,,16,6,16,0,0,,,,,0,0,,1,0,,,
1,119 - Got fare,Preset,4/12/22 19:55,1301,685,693,4201,420103,1,31175,,Outbound,,,,PRE,,0,0,0,0,,,,,0,0,,2,0,,,
1,119 - Got fare,Preset,4/12/22 19:55,1301,685,693,4201,420103,1,31175,,Outbound,,,,PRE,,0,0,0,0,,,,,0,0,,2,0,,,
1,119 - Got fare,Preset,4/12/22 19:58,1203,542,693,6903,690311,1,31186,,Inbound,,,,PRE,,0,0,0,0,,,,,0,0,,2,0,,,
1,119 - Got fare,Preset,4/12/22 20:06,1301,685,693,4201,420103,1,31175,,Outbound,,,,PRE,,0,0,0,0,,,,,0,0,,2,0,,,
1,119 - Got fare,SHORT,4/12/22 20:18,1203,542,693,6903,690311,1,31186,,Inbound,,,,,18,6,18,0,0,,,,,0,0,,1.8,0,,,
1,115 - Period pass,31D LOC,4/12/22 20:21,1203,542,693,6903,690311,1,31186,,Inbound,,,Seq #: 3376853,,7,1,4,123,5,,No,0,1,0,0,,0,0,,,
1,115 - Period pass,31D LOC,4/12/22 20:22,1203,542,693,6903,690311,1,31186,,Inbound,,,Seq #: 6815895,,7,1,4,123,5,,No,0,1,0,0,,0,0,,,
1,119 - Got fare,CABRILLO,4/12/22 20:22,1203,542,693,6903,690311,1,31186,,Inbound,,,,7,,0,0,0,0,,,,,0,0,,0,0,,,
1,119 - Got fare,BICYCLE,4/12/22 20:22,1203,542,693,6903,690311,1,31186,,Inbound,,,,8,,0,0,0,0,,,,,0,0,,0,0,,,
1,119 - Got fare,Preset,4/12/22 20:22,1203,542,693,6903,690311,1,31186,,Inbound,,,,PRE,,0,0,0,0,,,,,0,0,,2,0,,,
1,119 - Got fare,DUMP,4/12/22 20:32,1203,542,693,6903,690311,1,31186,,Inbound,,,,DMP,,0,0,0,0,,,,,0,0,,1,0,,,
1,115 - Period pass,31D LOC,4/12/22 20:33,1203,542,693,6903,690311,1,31186,,Inbound,,,Card ID 3410486,,7,1,4,123,5,,No,0,5,0,0,,0,0,,,
1,119 - Got fare,WHEELCHR,4/12/22 20:41,1203,542,693,6903,690312,1,31186,,Outbound,,,,5,,0,0,0,0,,,,,0,0,,0,0,,,
1,119 - Got fare,REDUCED,4/12/22 20:41,1203,542,693,6903,690312,1,31186,,Outbound,,,,,16,6,16,0,0,,,,,0,0,,1,0,,,
1,115 - Period pass,DAY PASS,4/12/22 20:43,1203,542,693,6903,690312,1,31186,,Outbound,,,Seq #: 2283735,,2,1,28,123,14,,No,0,1,0,0,,0,0,,,
1,119 - Got fare,Preset,4/12/22 20:44,1203,542,693,6903,690312,1,31186,,Outbound,,,,PRE,,0,0,0,0,,,,,0,0,,2,0,,,
1,116 - Stored value card,ST VALUE,4/12/22 20:44,1203,542,693,6903,690312,1,31186,,Outbound,,,Seq #: 6628452,,14,3,1,123,0,No,No,,,0,0,0,-2,0,10,,
1,119 - Got fare,REDUCED,4/12/22 20:46,1203,542,693,6903,690312,1,31186,,Outbound,,,,,16,6,16,0,0,,,,,0,0,,1,0,,,
1,119 - Got fare,EMPLOYEE,4/12/22 20:47,1203,542,693,6903,690312,1,31186,,Outbound,,,,3,,0,0,0,0,,,,,0,0,,0,0,,,
1,119 - Got fare,Preset,4/12/22 20:51,1203,542,693,6903,690312,1,31186,,Outbound,,,,PRE,,0,0,0,0,,,,,0,0,,2,0,,,
1,119 - Got fare,Preset,4/12/22 20:53,1203,542,693,6903,690312,1,31186,,Outbound,,,,PRE,,0,0,0,0,,,,,0,0,,2,0,,,
1,119 - Got fare,FREE,4/12/22 20:53,1203,542,693,6903,690312,1,31186,,Outbound,,,,D,,0,0,0,0,,,,,0,0,,0,0,,,
1,119 - Got fare,FREE,4/12/22 20:53,1203,542,693,6903,690312,1,31186,,Outbound,,,,D,,0,0,0,0,,,,,0,0,,0,0,,,
1,119 - Got fare,REDUCED,4/12/22 20:54,1203,542,693,6903,690312,1,31186,,Outbound,,,,,16,6,16,0,0,,,,,0,0,,1,0,,,
1,119 - Got fare,UC/Gryhd,4/12/22 20:57,1203,542,693,6903,690312,1,31186,,Outbound,,,,1,,0,0,0,0,,,,,0,0,,0,0,,,
1,119 - Got fare,Preset,4/12/22 21:00,1203,542,693,6903,690312,1,31186,,Outbound,,,,PRE,,0,0,0,0,,,,,0,0,,2,0,,,
1,119 - Got fare,Mble Tic,4/12/22 21:08,1301,685,693,4201,420104,1,31175,,Inbound,,,,C,,0,0,0,0,,,,,0,0,,0,0,,,
1,119 - Got fare,Preset,4/12/22 21:15,1203,542,693,6903,690312,1,31186,,Outbound,,,,PRE,,0,0,0,0,,,,,0,0,,2,0,,,
1,119 - Got fare,DUMP,4/12/22 21:15,1203,542,693,6903,690312,1,31186,,Outbound,,,,DMP,,0,0,0,0,,,,,0,0,,3,0,,,
1,119 - Got fare,Preset,4/12/22 22:08,1203,542,693,6903,690313,1,31186,,Inbound,,,,PRE,,0,0,0,0,,,,,0,0,,2,0,,,
1,119 - Got fare,BICYCLE,4/12/22 22:19,1203,542,693,6903,690313,1,31186,,Inbound,,,,8,,0,0,0,0,,,,,0,0,,0,0,,,
1,119 - Got fare,REDUCED,4/12/22 22:19,1203,542,693,6903,690313,1,31186,,Inbound,,,,,16,6,16,0,0,,,,,0,0,,1,0,,,
1,119 - Got fare,UC/Gryhd,4/12/22 22:20,1203,542,693,6903,690313,1,31186,,Inbound,,,,1,,0,0,0,0,,,,,0,0,,0,0,,,
1,115 - Period pass,31D DISC,4/12/22 22:20,1203,542,693,6903,690313,1,31186,,Inbound,,,Card ID 3397115,,8,1,5,123,0,,No,0,5,0,0,,0,0,,,
1,115 - Period pass,DAY PASS,4/12/22 22:20,1203,542,693,6903,690313,1,31186,,Inbound,,,Seq #: 3409765,,2,1,28,123,5,,No,0,1,0,0,,0,0,,,
1,119 - Got fare,REDUCED,4/12/22 22:23,1203,542,693,6903,690313,1,31186,,Inbound,,,,,16,6,16,0,0,,,,,0,0,,1,0,,,
1,115 - Period pass,31D LOC,4/12/22 22:26,1203,542,693,6903,690313,1,31186,,Inbound,,,Seq #: 3410760,,7,1,4,123,5,,No,0,1,0,0,,0,0,,,
1,119 - Got fare,Preset,4/12/22 22:28,1203,542,693,6903,690313,1,31186,,Inbound,,,,PRE,,0,0,0,0,,,,,0,0,,2,0,,,
,,,,,,,,,,,,,,,,,,,,,,,,,,,,,,,,,
Search Criteria:,,,,,,,,,,,,,,,,,,,,,,,,,,,,,,,,,
Transit Day:,No,,,,,,,,,,,,,,,,,,,,,,,,,,,,,,,,
Date Range:,From 4/12/2022 00:00:00 to 4/12/2022 23:59:59,,,,,,,,,,,,,,,,,,,,,,,,,,,,,,,,
Pass Category:,0,,,,,,,,,,,,,,,,,,,,,,,,,,,,,,,,
Pass Type: ,0,,,,,,,,,,,,,,,,,,,,,,,,,,,,,,,,
Transaction Type: ,"115,116,117,118,119",,,,,,,,,,,,,,,,,,,,,,,,,,,,,,,,
Farecells (-14 for TTP#):,ALL,,,,,,,,,,,,,,,,,,,,,,,,,,,,,,,,
Bus: ,0,,,,,,,,,,,,,,,,,,,,,,,,,,,,,,,,
!,0,,,,,,,,,,,,,,,,,,,,,,,,,,,,,,,,
!,0,,,,,,,,,,,,,,,,,,,,,,,,,,,,,,,,
!,0,,,,,,,,,,,,,,,,,,,,,,,,,,,,,,,,
Card ID:,,,,,,,,,,,,,,,,,,,,,,,,,,,,,,,,,
Track2:,,,,,,,,,,,,,,,,,,,,,,,,,,,,,,,,,
From Longitude:,,,,,,,,,,,,,,,,,,,,,,,,,,,,,,,,,
From Latitude:,,,,,,,,,,,,,,,,,,,,,,,,,,,,,,,,,
From Stop:,,,,,,,,,,,,,,,,,,,,,,,,,,,,,,,,,
To Longitude:,,,,,,,,,,,,,,,,,,,,,,,,,,,,,,,,,
To Latitude:,,,,,,,,,,,,,,,,,,,,,,,,,,,,,,,,,
To Stop:,,,,,,,,,,,,,,,,,,,,,,,,,,,,,,,,,
TPBC Code:,ALL -  - ,,,,,,,,,,,,,,,,,,,,,,,,,,,,,,,,
"Reported at 12:35:45 on Sunday May 22, 2022 [RPTTRN 4.0.4]",,,,,,,,,,,,,,,,,,,,,,,,,,,,,,,,,